"id","garbage_name","type"
"1","球衣","1"
"2","避孕套","2"
"3","矿泉水瓶","1"
"4","瓜子壳","3"
"5","花生壳","3"
"6","牛奶盒","1"
"7","电视","1"
"8","电脑","1"
"9","笔记本电脑","1"
"10","笔记本","1"
"11","冰箱","1"
"12","空调","1"
"13","风扇","1"
"17","荧光棒","2"
"19","棉签","2"
"20","牙签","2"
"21","西瓜皮","3"
"22","青瓜","3"
"23","黄瓜","3"
"25","风油精","4"
"26","A4纸","1"
"27","报纸","1"
"28","易拉罐","1"
"29","跑步鞋","1"
"30","毛衣","1"
"31","纸巾","2"
"32","湿纸巾","2"
"33","尿不湿","2"
"34","书包","1"
"35","鼠标","1"
"36","键盘","1"
"37","小龙虾","3"
"38","小龙虾壳","3"
"39","大闸蟹壳","3"
"40","大闸蟹","3"
"41","番薯","3"
"42","土豆","3"
"43","西红柿","3"
"44","鸡蛋","3"
"45","爆米花","3"
"46","蛋挞","3"
"47","轮胎","1"
"48","自行车","1"
"49","棉袄","1"
"50","T恤","1"
"51","短袖","1"
"52","长袖","1"
"53","衣服","1"
"54","鞋子","1"
"55","手机","1"
"56","手机壳","2"
"57","玻璃","1"
"73","口罩","2"
"85","金属","1"
"86","办公用纸","1"
"87","打印机","1"
"88","复印件","1"
"89","传真机","1"
"90","扫描仪","1"
"91","投影仪","1"
"92","电线","1"
"93","插座","1"
"94","排插","1"
"95","宣传单","1"
"96","书本","1"
"97","包装盒","1"
"98","PET塑料瓶","1"
"99","玻璃瓶","1"
"102","碎玻璃","1"
"104","烟头","2"
"105","烟蒂","2"
"106","报废车辆","1"
"107","毛发","2"
"108","胶带","2"
"109","胶水","2"
"110","干燥剂","2"
"111","打火机","4"
"112","眼镜","2"
"113","猫砂","2"
"114","榴莲壳","2"
"115","核桃壳","2"
"116","玉米衣","2"
"117","甘蔗皮","2"
"118","贝壳","2"
"119","大骨头","2"
"120","菠萝蜜核","2"
"121","一次性餐具","2"
"122","镜子","2"
"123","竹篮","2"
"124","竹筷","2"
"125","笔","2"
"126","伞","2"
"127","花盆","2"
"128","水果","3"
"129","西瓜","3"
"130","栗子","3"
"131","荔枝","3"
"132","梨","3"
"133","荔枝核","3"
"134","耳机","1"
"135","剩菜","3"
"136","剩饭","3"
"137","果皮","3"
"138","蛋壳","3"
"139","牙膏","2"
"140","牙刷","2"
"141","零食","3"
"142","泡沫","1"
"143","塑料袋","2"
"144","塑料瓶","1"
"145","快递盒","1"
"146","口香糖","2"
"147","垃圾桶","1"
"148","水桶","1"
"149","坚果","2"
"151","织物","1"
"153","鸡肉","3"
"154","书本杂志","1"
"155","传单","1"
"156","光盘","1"
"157","磁带","2"
"159","唱片","2"
"160","充电头","1"
"161","U盘","1"
"162","塑料挂钩","1"
"163","塑料衣架","1"
"164","泡沫填充物","1"
"165","塑料文件夹","1"
"166","文件盒","1"
"167","文件套","1"
"168","画板","1"
"169","画笔","2"
"171","塑料容器","1"
"173","塑料收纳箱","1"
"174","金属盆","1"
"175","金属饭盒","1"
"176","保温杯","1"
"177","保温壶","1"
"178","金属餐具炊具","1"
"179","杠铃","1"
"180","哑铃","1"
"181","金属衣架","1"
"182","手电筒","1"
"183","晾衣杆","1"
"184","毛巾架","1"
"185","毛巾","2"
"186","园艺工具","1"
"187","螺丝","1"
"188","螺帽","1"
"189","榔头","1"
"190","电钻","1"
"191","卷尺","1"
"192","锁","1"
"193","钥匙","1"
"194","铰链","1"
"196","滑板车","1"
"197","金属相框","1"
"198","金属挂钩","1"
"199","美工刀","1"
"200","玻璃杯","1"
"201","玻璃弹珠","2"
"202","围巾","1"
"203","围脖","1"
"204","羽绒衣","1"
"205","电热水器","1"
"206","燃气热水器","1"
"207","监视器","1"
"208","微型计算机","1"
"209","平板电脑","1"
"210","门窗","1"
"211","床","1"
"213","橱柜","1"
"216","移动电源","1"
"217","废电路板","1"
"218","面膜","2"
"219","内衣裤","2"
"220","棉被","1"
"221","鞋垫","2"
"222","帽子","1"
"223","手套","1"
"224","遮光布","2"
"225","毛绒玩具","1"
"226","枕头","1"
"227","瓶塞","2"
"228","拳击手套","2"
"229","沙袋","2"
"230","帐篷","1"
"231","睡袋","2"
"232","雨衣","2"
"233","火柴","2"
"234","碱性电池","2"
"236","清洁球","2"
"237","钢丝球","2"
"238","数据线","1"
"239","扫帚","2"
"240","拖把","2"
"241","海绵","2"
"242","剃须刀","2"
"243","指南针","1"
"244","护发精油","2"
"245","自行车轮胎","1"
"246","酒精棉花","2"
"248","复印件版纸","1"
"249","充电线","1"
"250","蛋黄酥包装盒","2"
"252","梨核","3"
"253","厨余果皮","3"
"254","咸鸭蛋壳","3"
"255","矿泉水桶","1"
"256","磁盘盒","1"
"257","过期化妆品","4"
"258","密码锁","1"
"259","床单","1"
"260","酒瓶塞子","2"
"261","鲍鱼","3"
"262","鲍鱼壳","2"
"263","龟壳","2"
"264","食用油","3"
"265","橡皮筋","2"
"266","戒指","1"
"267","项链","1"
"268","黄金","1"
"269","银首饰","1"
"270","宝石","1"
"271","钻石","1"
"272","钻戒","1"
"273","袜子","1"
"275","签子","2"
"276","竹签","2"
"277","三角裤","1"
"278","内裤","2"
"279","内衣","2"
"280","丝袜","2"
"281","烟盒","2"
"282","铁盒子","1"
"283","耳钉","1"
"284","金戒指","1"
"285","银戒指","1"
"286","银项链","1"
"287","金项链","1"
"288","金手链","1"
"289","手链","1"
"290","手表","1"
"291","相机","1"
"292","照相机","1"
"293","摄像机","1"
"294","自拍杆","2"
"295","纸巾盒","1"
"296","垃圾袋","2"
"297","纸盒子","1"
"298","回形针","1"
"300","便利贴","2"
"301","铅笔","2"
"302","头发","2"
"303","指甲","2"
"305","布","1"
"306","棉花","2"
"307","蓝牙耳机","1"
"308","茶叶","3"
"309","茶包","2"
"310","鲜花包","2"
"311","香包","2"
"313","鱼骨头","3"
"314","猪骨头","2"
"315","玩具","1"
"316","杯子","1"
"317","被子","1"
"318","充电宝","1"
"319","名片","1"
"320","勺子","1"
"321","夹子","1"
"322","毛笔","2"
"323","草莓","3"
"324","树叶","3"
"325","洗衣机","1"
"327","微波炉","1"
"328","烤箱","1"
"329","猪肉","3"
"330","牛肉","3"
"332","羊肉","3"
"333","金属餐具","1"
"334","盘子","2"
"335","筷子","2"
"336","大头笔","2"
"337","玩具飞机","1"
"338","叉子","1"
"339","手镯","1"
"341","酒精棉","2"
"343","硫磺皂","2"
"344","肥皂","2"
"345","气球","2"
"347","皮球","1"
"348","篮球","1"
"349","足球","1"
"350","排球","1"
"351","吸尘器","1"
"352","扫地机","1"
"353","音响","1"
"354","充电器","1"
"355","安全帽","1"
"358","篮球架","1"
"359","篮球框","1"
"360","网球拍","1"
"361","奶瓶","1"
"362","奶粉","3"
"363","羽毛球拍","2"
"364","奶嘴","2"
"365","羽毛球","2"
"366","吸奶器","2"
"367","浴缸","2"
"368","行车记录仪","1"
"369","铁锅铲","1"
"370","电子摄像头","1"
"371","面包","3"
"372","姨妈巾","2"
"373","验孕棒","2"
"374","粉底液","2"
"375","气垫","2"
"376","剪刀","1"
"379","绞肉机","1"
"381","榨汁机","1"
"384","蚊香","2"
"386","芭比娃娃","1"
"387","布娃娃","1"
"389","充气娃娃","1"
"390","饼干","3"
"391","饮水机","1"
"392","洗发水","2"
"393","沐浴露","2"
"394","护发素","1"
"396","蛋糕","3"
"397","火锅","3"
"398","狗屎","2"
"399","平板","1"
"400","水性笔","2"
"401","刀片","1"
"402","修眉刀","2"
"403","眉笔","2"
"404","饭盒","2"
"405","青菜","3"
"406","苹果","3"
"407","香蕉","3"
"408","牛奶","3"
"409","猫屎","3"
"410","香水瓶","1"
"411","一次性杯子","2"
"412","塑料夹子","1"
"413","猪肉脯","3"
"414","密胺餐具","1"
"415","洗面奶瓶","1"
"416","旧浴缸","2"
"417","塑料锅铲","1"
"418","气垫膜","2"
"419","电蚊香液瓶","4"
"420","沐浴露瓶","1"
"421","护发素瓶","1"
"422","可乐杯","2"
"423","包裹着狗屎的纸巾","2"
"424","平板玻璃","1"
"425","常温牛奶盒","1"
"427","钢笔","2"
"428","硬币","1"
"429","人民币","1"
"430","美元","1"
"431","毛线","1"
"432","铁丝","1"
"433","铁片","1"
"434","磁铁","1"
"435","棒球","1"
"436","金属棒球棍","1"
"437","柚子","3"
"438","柚子皮","3"
"439","豆腐","3"
"440","豆腐花","3"
"441","臭豆腐","3"
"442","印泥","2"
"443","糖果","3"
"444","酱油瓶","1"
"445","废锁头","1"
"446","酒瓶","1"
"447","旧鞋子","1"
"459","卸妆油","2"
"460","卸妆水","2"
"461","卸妆棉","2"
"462","苹果核","3"
"463","玉米须","3"
"464","玉米叶","2"
"465","红薯皮","3"
"466","枣核","3"
"467","死老鼠","3"
"468","变质食品","3"
"469","毛豆壳","3"
"470","巧克力","3"
"471","中药药渣","3"
"472","过期猫粮","3"
"473","过期狗粮","3"
"474","虾壳","3"
"475","螃蟹壳","3"
"476","玻璃花瓶","1"
"477","香蕉皮","3"
"478","发霉食物","3"
"479","口红","2"
"480","粽子叶","2"
"481","汽车钥匙","2"
"482","棉衣","1"
"483","黑板","1"
"484","粉笔","2"
"485","墨水","2"
"486","炸鸡","3"
"487","打卡机","1"
"488","汉堡","3"
"489","披萨","3"
"490","菜叶子","3"
"491","有机肥料","3"
"492","电脑主板","1"
"493","电脑显示屏","1"
"494","洗脸巾","2"
"495","牙线","2"
"496","望远镜","1"
"497","水枪","1"
"498","游泳圈","1"
"499","奶茶","3"
"500","麻将","2"
"501","扑克","1"
"502","酸奶","3"
"503","白萝卜","3"
"505","胡萝卜","3"
"506","鞭炮","2"
"507","烟花炮竹","2"
"508","炮竹","2"
"509","假睫毛","2"
"510","透明胶","2"
"511","双面胶","2"
"512","502胶水","4"
"513","钉子","1"
"514","锤子","1"
"515","泡沫箱","1"
"516","雨靴","1"
"517","老鼠夹","1"
"518","婴儿车","1"
"519","平衡车","1"
"520","轮船","1"
"523","玩具火车","1"
"524","防狼喷雾","4"
"525","定妆喷雾","2"
"526","面粉","3"
"527","糯米粉","3"
"528","木薯粉","3"
"529","红薯粉","3"
"530","淀粉","3"
"531","面包糠","3"
"532","橄榄油","3"
"533","植物油","3"
"534","菜籽油","3"
"535","钢管","1"
"536","钢筋","1"
"537","混泥土","2"
"538","陶土花瓶","2"
"539","黑板擦","2"
"540","沾有墨水的纸","2"
"541","奶茶中的珍珠","3"
"542","麻将牌","2"
"543","酸奶袋","2"
"544","飞机杯","2"
"545","火车票","2"
"546","塑复钢管","1"
"547","球鞋","1"
"548","拖鞋","1"
"549","帆布鞋","1"
"550","板鞋","1"
"551","凉鞋","1"
"552","裙子","1"
"553","短裤","2"
"554","长裤","1"
"555","毛裤","1"
"556","牛仔裤","1"
"557","秋裤","1"
"558","打底裤","1"
"559","贴纸","2"
"560","书皮","2"
"561","本子","1"
"562","日记本","1"
"563","圆珠笔","2"
"564","签字笔","2"
"565","被套","1"
"566","枕套","1"
"567","枕芯","1"
"568","珊瑚绒被","1"
"570","充气床垫","1"
"572","自慰器","1"
"573","跳蛋","2"
"574","人体润滑油","2"
"575","情趣内衣","2"
"576","蜡烛","2"
"577","香薰","2"
"578","台灯","1"
"580","跑步机","1"
"581","健身器材","1"
"582","花洒","1"
"583","热水器","1"
"584","太阳能板","1"
"585","电子表","1"
"587","床头柜","1"
"588","咖啡","3"
"589","咖啡机","1"
"590","雨伞","2"
"591","太阳伞","2"
"592","天幕","1"
"593","餐椅","1"
"594","信封袋","1"
"595","鸡蛋卷","3"
"596","梅菜扣肉","3"
"597","辣椒炒肉","3"
"598","猪皮","3"
"599","跳跳糖","3"
"603","耳环","1"
"604","一次性手套","2"
"605","老鼠","3"
"606","指甲剪","1"
"607","打磨棒","2"
"608","筋膜枪","1"
"609","棒棒糖","3"
"610","辣条","3"
"611","蛋黄酥","3"
"612","香油条","3"
"613","火鸡面","3"
"614","泡面","3"
"615","自热火锅","1"
"616","自热米饭","1"
"617","自热包","2"
"618","热水袋自热包","2"
"619","热水袋","1"
"620","曲奇饼","3"
"621","水果干","3"
"622","香蕉片","3"
"623","芒果干","3"
"624","草莓干","3"
"625","芒果罐头","1"
"626","橘子罐头","1"
"627","水果罐头","1"
"628","薯片","3"
"629","薯条","3"
"630","炸鸡腿","3"
"631","炸鸡翅","3"
"632","桃酥饼干","3"
"633","鸭舌","3"
"634","鸭架","3"
"635","海带","3"
"636","海苔","3"
"637","鹌鹑蛋","3"
"638","鸽子","3"
"639","蛇","3"
"640","鱿鱼","3"
"641","猪腰子","3"
"642","牛鞭","3"
"643","牛舌","3"
"644","巧克力面包","3"
"645","螺蛳粉","3"
"646","新疆炒米粉","3"
"647","炸串","3"
"648","烤串","3"
"649","火腿肠","3"
"650","猪肉脯","3"
"651","奶枣","3"
"652","麻花","3"
"653","油条","3"
"654","包子","3"
"655","饺子","3"
"656","烧卖","3"
"657","葱油饼","3"
"658","烧饼","3"
"659","酱香饼","3"
"660","红糖馒头","3"
"661","馒头","3"
"662","肥牛卷","3"
"663","筒骨","2"
"664","排骨","3"
"665","毛肚","3"
"666","鸭肠","3"
"667","鸭血","3"
"668","鸡血","3"
"669","猪血","3"
"670","贡菜","3"
"671","生菜","3"
"672","空心菜","3"
"673","猪肚","3"
"674","香肠","3"
"675","腊肉","3"
"676","油麦菜","3"
"677","莴笋","3"
"678","冬笋","3"
"679","春笋","3"
"680","柳树叶","3"
"681","杨柳枝","3"
"683","洗凝珠","2"
"684","洗衣凝珠","2"
"686","茭白","3"
"687","香干","3"
"688","雪莲果","3"
"690","郁美净擦脸霜","2"
"691","生姜","3"
"692","大蒜","3"
"693","白醋","3"
"694","酱油","3"
"695","耗油","3"
"696","生抽","3"
"697","老抽","3"
"698","鸡精","3"
"699","味精","3"
"700","盐","3"
"701","十三香","3"
"702","麦片","3"
"703","豆角","3"
"704","唇膏","2"
"705","核桃","3"
"706","白糖","3"
"707","冰糖","3"
"708","茄子","3"
"709","豆皮","3"
"710","保湿巾","2"
"711","肥肉","3"
"712","猪油","3"
"713","葡萄柚","3"
"714","土司","3"
"715","老面法饼","3"
"716","豆奶","3"
"717","豆干","3"
"718","火龙果","3"
"719","火龙果皮","3"
"720","锅巴","3"
"721","豌豆","3"
"722","葡萄皮","3"
"723","可口可乐","2"
"724","百事可乐","3"
"725","果粒橙","3"
"726","柿子","3"
"727","柿饼","3"
"728","香薰球","2"
"729","太阳能热水器","1"
"730","太阳能热水管","1"
"731","电表盒","1"
"732","跳跳糖包装袋","2"
"734","自热火锅加热包","2"
"735","电热水袋","1"
"736","蛇皮袋","2"
"737","烤串棒","2"
"738","洗衣液包装袋","2"
"739","84消毒液瓶","2"
"740","酱油袋","2"
"741","过期的燕麦片","3"
"742","酸豆角","3"
"743","核桃肉","3"
"744","豌豆皮","3"
"745","豌豆壳","3"
"746","咖啡豆","3"
"747","咖啡杯","2"
"748","话梅","3"
"754","石榴籽","3"
"755","大蒜皮","3"
"756","紫菜","3"
"757","芋头","3"
"758","龙眼壳","3"
"759","蘑菇","3"
"760","丝瓜皮","3"
"761","牛骨头","2"
"762","羊排","3"
"763","板栗","3"
"764","肉松","3"
"765","芝士","3"
"766","蛋挞皮","3"
"767","三七花","3"
"768","藏红花","3"
"769","菊花","3"
"770","人参","3"
"771","当归","3"
"772","枸杞","3"
"773","白芷","3"
"774","天麻","3"
"775","陈皮","3"
"776","黄豆","3"
"777","葵花籽","3"
"778","梅干菜","3"
"779","腐竹","3"
"780","蜜枣","3"
"781","荔枝干","3"
"782","银耳","3"
"783","鹿茸","3"
"784","金针菇","3"
"785","平菇","3"
"786","海带片","3"
"787","萝卜干条","3"
"788","黄冰糖","3"
"789","白冰糖","3"
"790","单晶冰糖","3"
"791","多晶冰糖","3"
"792","红糖片","3"
"793","小米","3"
"794","红豆","3"
"795","菜籽","3"
"796","鱿鱼丝","3"
"797","黑加仑","3"
"798","葡萄干","3"
"799","燕窝","3"
"800","百合干","3"
"801","莲子","3"
"802","红参片","3"
"803","西洋参片","3"
"804","黄芪","3"
"805","党参","3"
"806","羊肚菌","3"
"807","虫草花","3"
"808","茶树菇","3"
"809","香菇","3"
"810","绿豆","3"
"811","赤小豆","3"
"812","糙米","3"
"813","粗粮米","3"
"814","铁丝网","1"
"815","小麦","3"
"816","鸡饲料","3"
"817","鸭饲料","3"
"818","猪饲料","3"
"819","咖啡杯杯盖","2"
"820","荔枝干壳","3"
"821","莲花白","3"
"822","M豆","3"
"823","耐克鞋","1"
"824","耐克板鞋","1"
"825","耐克篮球鞋","1"
"826","耐克网鞋","1"
"827","耐克拖鞋","1"
"828","李宁篮球鞋","1"
"829","李宁板鞋","1"
"830","李宁网鞋","1"
"831","李宁拖鞋","1"
"832","李宁跑步鞋","1"
"833","安踏篮球鞋","1"
"834","安踏网鞋","1"
"835","安踏跑步鞋","1"
"836","安踏拖鞋","1"
"837","安踏板鞋","1"
"838","稻香村鸡蛋卷","3"
"839","奶油鸡蛋卷","3"
"840","奶油","3"
"841","植物奶油","3"
"842","动物奶油","3"
"843","蛋糕胚","3"
"844","赛车遥控器","1"
"845","玩具赛车","1"
"846","桑葚","3"
"847","蔓越莓","3"
"848","黑莓","3"
"849","覆盆子","3"
"850","红树莓","3"
"851","红醋莓","3"
"852","柳丁","3"
"853","金桔","3"
"854","柠檬","3"
"855","文旦","3"
"856","莱姆","3"
"857","樱桃","3"
"858","桃","3"
"860","枣","3"
"861","橄榄","3"
"862","琵琶","3"
"863","枇杷","3"
"864","甜瓜","3"
"865","香瓜","3"
"866","菜瓜","3"
"867","山楂","3"
"868","香梨","3"
"869","雪梨","3"
"870","沙果","3"
"871","海棠","3"
"872","温柏","3"
"873","蔷薇果","3"
"874","花揪","3"
"875","杏子","3"
"876","油桃","3"
"877","蟠桃","3"
"878","青梅","3"
"879","西梅","3"
"880","白玉樱桃","3"
"881","云莓","3"
"882","沙糖桔","3"
"883","青柠","3"
"884","白兰瓜","3"
"885","金铃子","3"
"886","提子","3"
"887","醋栗","3"
"888","黑醋栗","3"
"889","红醋栗","3"
"890","槟榔","3"
"891","槟榔果","3"
"892","金橘","3"
"893","番石榴","3"
"894","羔羊肉","3"
"895","菠菜","3"
"896","青刀豆","3"
"897","腱子肉","3"
"898","肘子","3"
"899","茴香","3"
"900","八角","3"
"901","桂皮","3"
"902","草果","3"
"903","咸猪肉","3"
"904","香油","3"
"905","水萝卜","3"
"906","黄花菜","3"
"907","对虾","3"
"908","大虾","3"
"909","海参","3"
"910","扇贝","3"
"911","小贝肉","3"
"912","生蚝","3"
"913","牡蛎","3"
"914","鱼鳞","3"
"915","海蜇","3"
"916","鳖","3"
"917","苔藓","2"
"918","鲳鱼","3"
"919","虾籽","3"
"920","西瓜子","3"
"921","鲢鱼","3"
"922","银鲤鱼","3"
"923","黄花鱼","3"
"924","食用盐","3"
"925","沙拉","3"
"926","沙拉酱","3"
"927","番茄酱","3"
"928","胡椒","3"
"929","花椒","3"
"930","青花椒","3"
"931","食用色拉油","3"
"933","芝麻酱","3"
"934","芝麻油","3"
"935","花生酱","3"
"936","花生油","3"
"937","咖哩粉","3"
"938","咖哩酱","3"
"939","料酒","3"
"940","黄椒","3"
"941","肉桂","3"
"942","黄油","3"
"943","香草精","3"
"944","洋葱","3"
"945","三文治","3"
"946","披萨饼","3"
"947","松花蛋","3"
"948","咸菜","3"
"949","奶酪","3"
"950","馄饨皮","3"
"951","高筋面粉","3"
"952","大麦","3"
"953","青稞","3"
"954","高粱","3"
"955","春卷","3"
"956","鱼翅","3"
"957","黄花","3"
"958","肉馅饼","3"
"959","里脊肉","3"
"960","前腿肉","3"
"961","后腿肉","3"
"962","猪头骨","2"
"963","凉粉","3"
"964","江米","3"
"965","粟","3"
"966","肉丸子","3"
"967","腰果","3"
"968","无花果","3"
"969","榛子","3"
"970","杏仁","3"
"971","果脯","3"
"972","巴西果","3"
"973","菱角","3"
"974","白兰地","3"
"975","葡萄酒","3"
"976","汽水","3"
"977","冰棒棍","2"
"978","伏特加","3"
"979","鸡尾酒","3"
"980","豆浆","3"
"981","七喜","3"
"982","汉斯啤酒","3"
"983","浓缩果汁","3"
"985","爱尔啤酒","3"
"986","薄荷糖","3"
"987","防腐剂","2"
"988","圣代冰淇淋","3"
"989","布丁","3"
"990","馄饨面","3"
"991","刀削面","3"
"992","麻辣面","3"
"993","桃核","3"
"994","李子","3"
"996","枇杷核","3"
"997","香瓜子","3"
"998","杏子核","3"
"999","油桃肉","3"
"1000","蟠桃核","2"
"1001","西梅核","2"
"1002","牡蛎壳","2"
"1003","胡椒粉","3"
"1004","料酒瓶","1"
"1005","洋葱皮","3"
"1006","披萨饼盒","2"
"1007","粟子壳","2"
"1008","无花果壳","3"
"1009","榛子壳","2"
"1010","葡萄酒木塞","2"
"1011","冰棒棍","2"
"1012","豆浆袋","2"
"1014","麻酱面","3"
"1015","鸭肉面","3"
"1016","鳝鱼面","3"
"1017","榨菜肉丝面","3"
"1018","牡蛎细面","3"
"1019","板条","3"
"1020","米粉","3"
"1021","炒米粉","3"
"1022","鱼丸汤","3"
"1023","贡丸汤","3"
"1024","蛋花汤","3"
"1025","蛤蜊汤","3"
"1026","牡蛎汤","3"
"1027","肉羹汤","3"
"1028","鱿鱼汤","3"
"1029","花枝羹","3"
"1030","日本米酒","3"
"1031","烤肉","3"
"1032","生鱼片","3"
"1033","鱼子酱","3"
"1034","熏肉","3"
"1035","荷包蛋","3"
"1036","炸马铃薯","3"
"1037","蚕丝被","1"
"1038","大豆被","1"
"1039","羊毛被","1"
"1040","鹅绒被","1"
"1041","决明子枕头","1"
"1042","棉花枕头","1"
"1043","腐乳","3"
"1044","油豆腐","3"
"1045","烟熏豆腐","3"
"1046","水墨画","2"
"1047","显示器","1"
"1048","牛仔外套","1"
"1049","毛衣外套","1"
"1050","风衣","1"
"1051","羊羔绒大衣","1"
"1052","冰丝衣服","1"
"1053","冰丝床单","1"
"1054","冰丝睡衣","1"
"1055","液体胶","2"
"1056","豆腐乳","3"
"1057","耳塞","2"
"1058","泳镜","2"
"1059","泳帽","1"
"1060","泳衣","1"
"1061","比基尼","1"
"1062","沙滩帽","1"
"1063","沙滩裤","1"
"1064","沙滩裙","1"
"1065","沙滩鞋","1"
"1066","螺丝刀","1"
"1067","煤气灶","1"
"1068","不粘锅","1"
"1069","平底锅","1"
"1070","炒锅","1"
"1071","砂锅","2"
"1072","炖汤锅","1"
"1073","铁锅","1"
"1074","刮胡刀","1"
"1075","吹风机","1"
"1076","卷发棒","1"
"1077","氧气瓶","1"
"1078","氧气罩","1"
"1079","煤气罐","1"
"1080","头盔","2"
"1081","放大镜","1"
"1082","显微镜","1"
"1083","盖玻片","1"
"1084","锡纸","2"
"1085","吸油纸","2"
"1086","花甲粉","3"
"1087","炒牛河","3"
"1088","芝士焗饭","3"
"1089","煲仔饭","3"
"1090","蛋包饭","3"
"1091","夹心年糕","3"
"1092","芝士片","3"
"1093","芝士粉","3"
"1094","莲藕","3"
"1097","灯芯绒裤","1"
"1098","高领毛衣","1"
"1099","加绒打底衣","1"
"1100","花生","3"
"1101","芯片","1"
"1102","蛋黄派","3"
"1103","旺旺饼","3"
"1104","雪花酥","3"
"1105","桃酥","3"
"1106","发票","2"
"1107","邮票","1"
"1108","纪念卡","1"
"1109","购物卡","1"
"1110","银行卡","1"
"1111","信用卡","1"
"1112","南瓜皮","3"
"1113","算盘子","3"
"1114","忆子粄","3"
"1115","笋粄","3"
"1116","老鼠粄","3"
"1117","牛筋丸","3"
"1118","贡丸","3"
"1119","鱼丸","3"
"1120","虾饺","3"
"1121","鱼豆腐","3"
"1122","百叶","3"
"1123","芝士丸","3"
"1124","糯米丸","3"
"1125","紫薯丸","3"
"1126","鱼仔包","3"
"1127","福袋","3"
"1128","蟹排","3"
"1129","蟹棒","3"
"1130","香菇丸","3"
"1131","海胆丸","3"
"1132","宫保鸡丁","3"
"1133","鱼香肉丝","3"
"1134","茄子炒辣椒","3"
"1135","辣椒炒鸡蛋","3"
"1136","辣椒炒猪肉","3"
"1137","辣椒炒牛肉","3"
"1138","辣椒炒羊肉","3"
"1139","玉米排骨汤","3"
"1140","莲藕胡萝卜汤","3"
"1141","香菇鸡肉汤","3"
"1142","黄豆猪脚汤","3"
"1143","银耳莲子羹","3"
"1144","桃胶银耳","3"
"1145","绿豆沙","3"
"1146","红豆沙","3"
"1147","牛奶炖银耳","3"
"1148","卤猪蹄","3"
"1149","卤鸡爪","3"
"1150","卤鸡翅","3"
"1151","卤鸡尖","3"
"1152","卤豆皮","3"
"1153","卤千张","3"
"1154","卤虎皮鸡爪","3"
"1155","卤土豆","3"
"1156","卤莲藕","3"
"1157","炒土豆丝","3"
"1158","炒胡萝卜丝","3"
"1159","腊肉炒蒜苗","3"
"1160","腊鱼","3"
"1161","烟熏肌肉","3"
"1162","烟熏鸡肉","3"
"1163","烟熏鸭肉","3"
"1164","烟熏猪肝","3"
"1165","炒猪肝","3"
"1166","刷羊肉","3"
"1167","炒肝","3"
"1168","豆汁","3"
"1169","烧麦","3"
"1170","小窝头","3"
"1171","萨奇马","3"
"1172","打卤面","3"
"1173","豌豆黄","3"
"1174","桂花陈酒","3"
"1175","六必居酱菜","3"
"1176","浦东鸡","3"
"1177","盐水火腿","3"
"1178","熏火腿","3"
"1179","猪肉灌肠","3"
"1180","蜜饯","3"
"1181","五香豆","3"
"1182","鸡肉灌包","3"
"1183","灌汤包","3"
"1184","鸡鸭血汤","3"
"1185","油炸臭干子","3"
"1186","狗不理包子","3"
"1187","紫蟹","3"
"1188","锅巴菜","3"
"1189","煎饼果子","3"
"1190","手抓饼","3"
"1191","担担面","3"
"1192","龙抄手","3"
"1193","熨斗糕","3"
"1194","荷叶软饼","3"
"1195","萝卜丝饼","3"
"1196","丝娃娃","3"
"1197","凤尾酥","3"
"1198","金鱼饺","3"
"1199","玉兔饼","3"
"1200","玲珑鱼脆羹","3"
"1201","三色凉糕","3"
"1202","板鸭","3"
"1203","豆瓣酱","3"
"1204","炒田螺","3"
"1205","烧鹅","3"
"1206","叉烧包","3"
"1207","烤乳猪","3"
"1208","武昌鱼","3"
"1209","棉花糖","3"
"1210","猫耳朵","3"
"1211","油渣","3"
"1212","松鼠桂鱼","3"
"1213","电动卷发棒","1"
"1214","百叶窗","1"
"1215","蛋花","3"
"1216","摩卡","3"
"1217","暖风机","1"
"1218","浴霸","1"
"1219","奶糖","3"
"1220","抹茶","3"
"1221","椰蓉","3"
"1222","可可","3"
"1223","蛋筒","3"
"1224","糖豆","3"
"1225","松露","3"
"1226","粉果","3"
"1227","泡芙","3"
"1228","冰沙","3"
"1229","慕斯","3"
"1230","奶昔","3"
"1231","曲奇","3"
"1232","羊羹","3"
"1233","刨冰","3"
"1234","草饼","3"
"1235","薏苡仁","3"
"1236","黄豆芽","3"
"1237","绿豆芽","3"
"1238","淡豆豉","3"
"1239","麦芽","3"
"1240","苋菜","3"
"1241","莼菜","3"
"1242","儿菜","3"
"1243","大头菜","3"
"1244","甜菜","3"
"1245","慈姑","3"
"1246","马兰头","3"
"1247","马齿苋","3"
"1248","折耳根","3"
"1249","鱼腥草","3"
"1250","枸杞头","3"
"1251","青萝卜","3"
"1252","葫芦","3"
"1253","葛根","3"
"1254","葛根粉","3"
"1255","藕粉","3"
"1256","黑鱼","3"
"1257","蚌","3"
"1258","河蚬","3"
"1259","牛乳","3"
"1260","发菜","3"
"1261","罗汉果","3"
"1262","橙子","3"
"1263","胖大海","3"
"1264","余甘子","3"
"1265","栀子","3"
"1266","薄荷","3"
"1267","淡竹叶","3"
"1268","鲜芦根","3"
"1269","桑叶","3"
"1270","蚕蛹","3"
"1271","蚕丝","1"
"1272","梗米","3"
"1273","黑大豆","3"
"1274","白扁豆","3"
"1275","豆腐浆","3"
"1276","豆腐皮","3"
"1277","大豆黄卷","3"
"1278","卷心菜","3"
"1279","蓬篙菜","3"
"1280","塌棵菜","3"
"1281","西洋菜","3"
"1282","清明菜","3"
"1283","北瓜","3"
"1284","芋艿","3"
"1285","芡实","3"
"1286","猴头菇","3"
"1287","蒲公英","3"
"1288","蚕豆","3"
"1289","甘薯","3"
"1290","豇豆","3"
"1291","猪心","3"
"1292","牛肚","3"
"1293","千层肚","3"
"1294","鹅肉","3"
"1295","鹌鹑肉","3"
"1296","鸽肉","3"
"1297","鹅蛋","3"
"1298","鸽蛋","3"
"1299","青鱼","3"
"1300","刀鱼","3"
"1301","鲟鱼","3"
"1302","鲥鱼","3"
"1303","鳗鲡","3"
"1304","鳗鱼","3"
"1305","白鱼","3"
"1306","银鱼","3"
"1307","黄鱼","3"
"1308","臭鳜鱼","3"
"1309","鳜鱼","3"
"1310","鳐鱼","3"
"1311","鲨鱼","3"
"1312","橡皮鱼","3"
"1313","橘仁","3"
"1314","欧包","3"
"1315","梅子","3"
"1316","棱角","3"
"1317","葵花子","3"
"1318","枣仁","3"
"1319","桃仁","3"
"1320","郁季仁","3"
"1321","火麻仁","3"
"1322","刺梨","3"
"1323","茯苓","3"
"1324","代代花","3"
"1325","荷叶","3"
"1326","莲蓬","3"
"1327","鸡内金","3"
"1328","豆油","3"
"1329","香椿头","3"
"1330","牛骨髓","3"
"1331","羊肚包","3"
"1332","羊脑","3"
"1333","麻雀肉","3"
"1334","鳊鱼","3"
"1335","鳟鱼","3"
"1336","带鱼","3"
"1337","黄鳝","3"
"1338","泥鳅","3"
"1339","淡彩","3"
"1340","淡菜","3"
"1341","佛手","3"
"1342","松子","2"
"1343","夏威夷果","2"
"1344","巴旦木","3"
"1345","桂花","3"
"1346","丁香","3"
"1347","砂仁","3"
"1348","黄酒","3"
"1349","红花","3"
"1350","肉豆蔻","3"
"1351","紫苏","3"
"1353","藿香","3"
"1354","美式芝士饼","3"
"1355","德式蜂巢蛋糕","3"
"1356","牛轧饼","3"
"1357","脆皮朱古力蛋糕","3"
"1358","榛子薄脆百香果蛋糕","3"
"1359","椰青菜糕","3"
"1360","浓味朱古力杯","3"
"1361","芒果布甸","3"
"1363","朱古力布朗尼","3"
"1364","香蕉杏仁饼","3"
"1365","核桃挞","3"
"1366","忌廉巴夫","3"
"1367","姜味香芒蛋糕","3"
"1368","脆皮朱古力忌廉蛋糕","3"
"1369","核桃拿破伦蛋糕","3"
"1370","德式芝士饼","3"
"1371","纽约芝士饼","3"
"1372","酸奶布甸","3"
"1373","云石芝士蛋糕","3"
"1374","白桃软心草莓蛋糕","3"
"1375","传统拿破仑饼","3"
"1376","白森林蛋糕","3"
"1377","吉士蓝莓朱古力饼","3"
"1378","栗子忌廉饼","3"
"1379","栗子朱古力饼","3"
"1380","草莓朱古力千层饼","3"
"1381","乳酪红心橘子甘笋饼","3"
"1382","蓝莓杏仁牛油饼","3"
"1383","德国奶油香橙饼","3"
"1384","芒果芝士饼","3"
"1385","百香果黄杏芝士饼","3"
"1386","局草莓软心杏仁饼","3"
"1387","吉士蛋布甸","3"
"1388","法式炖蛋","3"
"1389","鲜果者厘杯","3"
"1390","玉桂香蕉朱古力忌廉饼","3"
"1391","浓咖啡朱古力忌廉饼","3"
"1392","浓香椰子蛋糕","3"
"1393","朱古力沙架","3"
"1394","法式芝士饼","3"
"1395","泰式红豆糕","3"
"1396","泰式绿豆糕","3"
"1397","泰式榴莲西米糕","3"
"1398","泰式芭兰西米糕","3"
"1399","红酒芝士饼","3"
"1400","泰式南瓜吉士蛋","3"
"1401","泰式黑米糕","3"
"1402","椰皇黑米糕","3"
"1403","印尼布甸","3"
"1404","椰汁西米布甸","3"
"1405","泰式椰汁粟米糕","3"
"1406","饭团","3"
"1407","咸鸭蛋","3"
"1408","油饭","3"
"1409","卤肉饭","3"
"1410","糯米饭","3"
"1411","蛋炒饭","3"
"1412","地瓜粥","3"
"1413","红豆粥","3"
"1414","绿豆粥","3"
"1415","长寿桃","3"
"1416","芝麻球","3"
"1417","糖油粑粑","3"
"1418","糖不甩","3"
"1419","糖葫芦","3"
"1420","冰糖草莓","3"
"1421","绵绵冰","3"
"1422","麦角冰","3"
"1423","地瓜冰","3"
"1424","红豆牛奶冰","3"
"1425","八宝冰","3"
"1426","豆花","3"
"1427","甘蔗汁","3"
"1428","酸梅汁","3"
"1429","杨桃汁","3"
"1430","羽衣甘蓝","3"
"1431","浴霸灯","4"
"1432","大白兔奶糖","3"
"1433","糖葫芦棍","2"
"1434","糖和藕粉","3"
"1435","蚌壳","2"
"1436","薄荷叶","3"
"1437","芡实糕","3"
"1438","蚕豆壳","3"
"1439","葵花子壳","3"
"1440","桂花糕","3"
"1441","公丁香","3"
"1442","饮料瓶","1"
"1443","果冻","3"
"1444","水果糖","3"
"1445","话李","3"
"1446","干脆面","3"
"1447","泡泡糖","2"
"1448","葵花","3"
"1449","烤鱿鱼片","3"
"1450","香辣鳗鱼丝","3"
"1451","香辣鱿鱼丝","3"
"1452","香辣鱿鱼块","3"
"1453","碳烤鱿鱼丝","3"
"1454","香辣小银鱼","3"
"1455","香辣红娘鱼","3"
"1456","碳烤鱿鱼仔","3"
"1457","泡椒鱿鱼须","3"
"1458","碳烤鱿鱼足","3"
"1459","蜜汁猪肉脯","3"
"1460","麻辣猪肉脯","3"
"1461","麻辣牛肉","3"
"1462","牛肉丝","3"
"1463","猪肉丝","3"
"1464","xo牛肉粒","3"
"1465","QQ肠","3"
"1466","秘制牛肉棒","3"
"1467","香辣猪脆骨","3"
"1468","香辣牛板筋","3"
"1469","榴莲干","3"
"1470","杨梅干","3"
"1471","菠萝蜜","3"
"1472","菠萝蜜干","3"
"1473","玉米粒","3"
"1474","红枣片","3"
"1475","金桔干","3"
"1476","紫薯干","3"
"1477","猕猴桃干","3"
"1478","无花果干","3"
"1479","草莓冻干","3"
"1480","草莓蜜饯","3"
"1481","柠檬蜜饯","3"
"1482","秋葵干","3"
"1483","菠萝圈","3"
"1484","香芋干","3"
"1485","蔬菜干","3"
"1486","水果冻干","3"
"1487","海苔都","3"
"1488","海苔豆","3"
"1489","盐津葡萄干","3"
"1490","榴莲条冻干","3"
"1491","藕片","3"
"1492","蔓越莓沙琪玛","3"
"1493","蔓越莓曲奇饼干","3"
"1494","黄金肉松条","3"
"1495","印尼威化饼干","3"
"1496","椰丝米糕","3"
"1497","椰蓉球","3"
"1498","椰子酥","3"
"1499","椰子片","3"
"1500","蓝莓奶酪片","3"
"1501","奶酪玉米棒","3"
"1502","豆腐干","3"
"1503","甜甜圈","3"
"1504","冰淇淋饼干","3"
"1505","冰淇淋蛋糕","3"
"1506","可比克","3"
"1507","妙脆角","3"
"1508","雪丽糍","3"
"1509","芝士条","3"
"1510","好丽友","3"
"1511","好多鱼","3"
"1512","鲜虾片","3"
"1513","粟米条","3"
"1514","荷兰豆","3"
"1515","玉米花","3"
"1516","烧贝壳","3"
"1517","铜锣烧","3"
"1518","蛋黄卷","3"
"1519","卷卷芯","3"
"1520","紫罗兰","3"
"1521","细叶菊","3"
"1522","白蓝菊","3"
"1523","羽叶薰衣草","3"
"1524","鸢尾草","3"
"1525","欧洲银莲花","3"
"1526","翠芦莉","3"
"1527","勋章菊","3"
"1528","三色苋","3"
"1529","繁星花","3"
"1530","龙面花","3"
"1531","蜡菊","3"
"1532","齿叶薰衣草","3"
"1533","五色菊","3"
"1534","滨菊","3"
"1535","花环菊","3"
"1536","向日葵","3"
"1537","烟草","3"
"1538","点地梅","3"
"1539","梅花","3"
"1540","金光菊","3"
"1541","金凤花","3"
"1542","黄鸟赫焦","3"
"1543","垂花火鸟蕉","3"
"1544","金叶拟美花","3"
"1545","矮粟葵","3"
"1546","宝盖草","3"
"1547","剪秋罗","3"
"1548","薰衣草","3"
"1549","鼠尾草","3"
"1550","天人菊","3"
"1551","永胜菊","3"
"1552","银莲花","3"
"1553","鸡冠花","3"
"1554","蚂蚁花","3"
"1555","百子莲","3"
"1556","彩叶草","3"
"1557","星果草","3"
"1558","美人樱","3"
"1559","长寿花","3"
"1560","心叶假面花","3"
"1561","皇帝菊","3"
"1562","芙容葵","3"
"1563","芙蓉葵","3"
"1564","白晶菊","3"
"1565","百可花","3"
"1566","醉蝶花","3"
"1567","鸟尾花","3"
"1568","芝麻花","3"
"1569","银边翠","3"
"1570","香雪球","3"
"1571","香豌豆","3"
"1572","乳茄","3"
"1573","千里光","3"
"1574","紫背草","3"
"1575","咸丰草","3"
"1576","串叶松香草","3"
"1577","益母草","3"
"1578","五角花","3"
"1579","丑角花","3"
"1580","海角樱草","3"
"1581","地椒","3"
"1582","康乃馨","3"
"1583","紫芳草","3"
"1584","阿里山龙胆","3"
"1585","毛蕊花","3"
"1586","天蓬草","3"
"1587","千鸟草","3"
"1588","附子草","3"
"1589","蓝目菊","3"
"1590","乌头","3"
"1591","龙葵草","3"
"1592","四季报春","3"
"1593","假报春","3"
"1594","报春花","3"
"1595","钓钟柳","3"
"1596","千日红","3"
"1597","猫草花","3"
"1598","彼岸花","3"
"1599","柳兰","3"
"1600","黑心菊","3"
"1601","六出花","3"
"1602","罂粟","3"
"1603","罂粟葵","3"
"1604","含羞草","3"
"1605","琉璃苣","3"
"1606","川赤芍","3"
"1607","太阳花","3"
"1608","桔梗","3"
"1609","水苋菜","3"
"1610","节节菜","3"
"1611","姜花","3"
"1612","矮雪轮花","3"
"1613","金鱼草","3"
"1614","圆叶风铃草","3"
"1615","蛾蝶花","3"
"1616","蝶恋花","3"
"1617","吊钟柳","3"
"1618","飞燕草","3"
"1619","猴面花","3"
"1620","紫竹梅","3"
"1621","矮牵牛","3"
"1622","牵牛花","3"
"1623","流星花","3"
"1624","黄蜀葵","3"
"1625","筋骨草","3"
"1626","黄金菊","3"
"1627","凤仙花","3"
"1628","金水凤","3"
"1629","蓝盆花","3"
"1630","紫堇","3"
"1631","玫瑰","3"
"1632","夏枯草","3"
"1633","时钟花","3"
"1634","毛地黄","3"
"1635","荷苞花","3"
"1636","贝壳花","3"
"1637","高雪伦","3"
"1638","高雪轮","3"
"1639","邹菊","3"
"1640","姬金鱼草","3"
"1641","大花飞燕草","3"
"1642","菠萝菊","3"
"1643","桂竹香","3"
"1644","万寿菊","3"
"1645","一串红","3"
"1646","百日草","3"
"1647","旱金莲","3"
"1648","孔雀草","3"
"1649","金鸡菊","3"
"1650","麦仙翁","3"
"1651","花菖蒲","3"
"1652","唐菖蒲","3"
"1653","满天星","3"
"1654","雁来红","3"
"1655","麦秆菊","3"
"1656","日光菊","3"
"1657","硫化菊","3"
"1658","硫华菊","3"
"1659","金盏菊","3"
"1660","花菱草","3"
"1661","香青兰","3"
"1662","虞美人","3"
"1663","紫茉莉","3"
"1664","紫罗勒","3"
"1665","寒金莲","3"
"1666","风铃草","3"
"1667","五色辣椒","3"
"1668","尾穗苋","3"
"1669","桂圆菊","3"
"1670","三月花葵","3"
"1671","马薄荷","3"
"1672","蛇目菊","3"
"1673","涩荠","3"
"1674","轮峰菊","3"
"1675","藿香蓟","3"
"1676","小丽花","3"
"1677","香豌豆花","3"
"1678","蓝玫瑰","3"
"1679","白玫瑰","3"
"1680","法兰西玫瑰","3"
"1681","送春花","3"
"1682","贡菊","3"
"1683","雁来黄","3"
"1684","黑种草","3"
"1685","波斯菊","3"
"1686","大花美人禁","3"
"1687","大花美人襟","3"
"1688","假龙头花(植物)","3"
"1689","蒲包花","3"
"1690","红花鼠尾草","3"
"1691","崧蓝","3"
"1692","石竹","3"
"1693","翠菊","3"
"1694","七里黄","3"
"1695","洋桔梗","3"
"1696","三叶草","3"
"1697","异果菊","3"
"1698","黄晶菊","3"
"1699","勿忘我","3"
"1700","网球花","3"
"1701","瓜叶菊","3"
"1702","油菜花","3"
"1703","吊兰","3"
"1704","珍珠菜","3"
"1705","吉祥草","3"
"1706","银春花","3"
"1707","迎春花","3"
"1708","红花蕉","3"
"1709","一品红","3"
"1710","留兰草","3"
"1711","大丽花","3"
"1712","锦葵","3"
"1713","琼花","3"
"1714","岩桐","3"
"1715","紫苑","3"
"1716","岩白菜","3"
"1717","海芋","3"
"1718","喜荫花","3"
"1719","晚香玉","3"
"1720","紫露草","3"
"1721","琉璃草","3"
"1722","蓝姜","3"
"1723","紫娇花","3"
"1724","朱顶红","3"
"1725","鲁冰花","3"
"1726","银香菊","3"
"1727","露子花","3"
"1728","石蒜","3"
"1729","茉莉","3"
"1730","商陆","3"
"1731","蝎尾蕉","3"
"1732","天竺葵","3"
"1733","迷迭香","3"
"1734","蛇鞭菊","3"
"1735","红雀珊瑚","3"
"1736","袋鼠花","3"
"1737","佛甲草","3"
"1738","单药花","3"
"1739","凤仙","3"
"1740","蓝亚麻","3"
"1741","滴水观音","3"
"1742","香水月季","3"
"1743","角蒿","3"
"1744","大葱花","3"
"1745","四季海棠","3"
"1746","球根海棠","3"
"1747","非洲菊","3"
"1748","百脉根","3"
"1749","芦苇花","3"
"1750","半枝莲","3"
"1751","洋凤仙","3"
"1752","黄韭兰","3"
"1753","豆蔻","3"
"1754","秋海棠","3"
"1755","龙芽草","3"
"1756","白鹤芋","3"
"1757","郁金香","3"
"1758","百合花","3"
"1759","文珠兰","3"
"1760","雪花莲","3"
"1761","韭莲","3"
"1762","番红花","3"
"1763","洋水仙","3"
"1764","水仙花","3"
"1765","葱莲","3"
"1766","黄水仙","3"
"1767","紫苏草","3"
"1768","水金英","3"
"1769","向日葵花束","3"
"1771","卜芥","3"
"1772","儿茶","3"
"1773","刀豆","3"
"1774","三七","3"
"1775","三棱","3"
"1776","干姜","3"
"1777","广白","3"
"1778","广角镜头","1"
"1779","广丹","3"
"1780","大枣","3"
"1781","大戟","3"
"1782","大蓟","3"
"1783","小蓟","3"
"1784","山丹","3"
"1785","山茶","3"
"1786","山奈","3"
"1787","山香","3"
"1788","山枣","3"
"1789","山栀","3"
"1790","鞋","1"
"1791","包","1"
"1792","山姜","3"
"1793","川军","3"
"1794","川连","3"
"1795","川朴","3"
"1796","川乌","3"
"1797","川谷","3"
"1798","川椒","3"
"1799","川贝","3"
"1800","马兰","3"
"1801","马辛","3"
"1802","马菜","3"
"1803","马莲","3"
"1804","马宝","3"
"1805","马勃","3"
"1806","天冬","3"
"1807","天虫","3"
"1808","天龙","3"
"1809","天雄","3"
"1810","元胡","3"
"1811","元参","3"
"1812","木莲","3"
"1813","木香","3"
"1814","木通","3"
"1815","木豆","3"
"1816","木笔","3"
"1817","木蓝","3"
"1818","牙皂","3"
"1819","瓦松","3"
"1820","瓦伟","3"
"1821","贝子","3"
"1822","贝母","3"
"1823","牛至","3"
"1824","牛黄","3"
"1825","牛膝","3"
"1826","手参","3"
"1827","毛鸡","3"
"1828","毛姜","3"
"1829","升麻","3"
"1830","丹砂","3"
"1831","贝齿","3"
"1832","丹皮","3"
"1833","乌梅","3"
"1834","方海","3"
"1835","六曲","3"
"1836","文元","3"
"1837","仁杞","3"
"1838","双花","3"
"1840","水萍","3"
"1841","水韭","3"
"1842","水蛭","3"
"1843","巴豆","3"
"1844","玉桂","3"
"1845","玉竹","3"
"1846","玉金","3"
"1847","甘松","3"
"1848","甘草","3"
"1849","艾叶","3"
"1850","艾片","3"
"1851","艾蒿","3"
"1852","石耳","3"
"1853","石灰","2"
"1854","石膏","2"
"1855","石燕","3"
"1856","石蜜","3"
"1857","龙胆","3"
"1858","归尾","3"
"1859","田螺","3"
"1860","仙茅","3"
"1861","片苓","3"
"1862","白芍","3"
"1863","白矾","3"
"1864","白果","3"
"1865","白苏","3"
"1866","白苏半夏","3"
"1867","半夏","3"
"1868","地龙","3"
"1869","地黄","3"
"1870","列当","3"
"1871","杂志","1"
"1872","漫画书","1"
"1873","小说书","1"
"1874","语文书","1"
"1875","数学书","1"
"1876","英语书","1"
"1877","历史书","1"
"1878","政治书","1"
"1879","化学书","1"
"1880","物理书","1"
"1881","生物书","1"
"1882","地理书","1"
"1883","儿童绘本","1"
"1884","三国演义","1"
"1885","后楼梦","1"
"1886","西游记","1"
"1887","水浒传","1"
"1888","图书","1"
"1889","包装纸","1"
"1890","A3纸","1"
"1891","纸盒","1"
"1892","帆布袋","1"
"1893","餐具","1"
"1894","塑料玩具","1"
"1895","洗发液","2"
"1896","洗发液瓶","1"
"1898","洗手液瓶","1"
"1899","洗衣液瓶","1"
"1901","洗洁精瓶","1"
"1902","玻璃饮料瓶","1"
"1903","玻璃酒瓶","1"
"1904","啤酒瓶","1"
"1905","红酒瓶","1"
"1906","江小白酒瓶","1"
"1907","牛栏山酒瓶","1"
"1908","镜片","2"
"1909","漂白布","1"
"1910","麻纱","1"
"1911","罗缎","1"
"1912","斜布","1"
"1913","牛仔布","1"
"1914","华达呢","1"
"1915","贡缎","1"
"1916","灯芯绒","1"
"1917","绒布","1"
"1918","提心布","1"
"1919","网眼布","1"
"1920","亚麻布","1"
"1921","麻布","1"
"1922","凡立丁","1"
"1923","舍味尼","1"
"1924","女衣尼","1"
"1925","芯呢","3"
"1926","法兰绒","1"
"1927","麦尔登","1"
"1928","海军呢","1"
"1929","粗花呢","1"
"1930","长毛呢绒","1"
"1931","电力纺","1"
"1932","富春纺","3"
"1933","尼龙纺","1"
"1934","华春纺","1"
"1935","塔夫绸","1"
"1936","双宫绸","1"
"1937","软绸","1"
"1938","软缎","1"
"1939","库缎","1"
"1940","金雕缎","3"
"1941","蜀锦","1"
"1942","云锦","1"
"1943","宋锦","3"
"1944","直罗","1"
"1945","横罗","1"
"1946","花纱","1"
"1947","素纱","1"
"1948","乔其纱","1"
"1949","美丽绸","1"
"1950","真丝","1"
"1951","四季呢","1"
"1952","丝绒","1"
"1953","金丝绒","1"
"1954","立绒","1"
"1955","绵绸","1"
"1956","绢丝纺","1"
"1957","礼碟","1"
"1958","红酒杯","1"
"1959","公筷","1"
"1960","瓷器","2"
"1961","玻璃器具","1"
"1962","骨碟","1"
"1963","小酒杯","1"
"1964","酒柜","1"
"1965","翅碗","1"
"1966","分酒器","1"
"1967","席位垫","1"
"1968","瓷勺","2"
"1969","带柄水杯","1"
"1970","酒水车","1"
"1971","毛巾碟","1"
"1972","大肚水杯","1"
"1973","筷架","1"
"1974","醒酒瓶","1"
"1975","电饭煲","1"
"1976","烟缸碟","1"
"1977","烟缸","1"
"1978","醒酒器","1"
"1979","用具","1"
"1980","洗手台","2"
"1981","大白瓷勺","1"
"1982","马桶","1"
"1983","钢器","1"
"1984","转盘","1"
"1985","备餐台","1"
"1986","钢勺","1"
"1987","备餐柜","1"
"1988","钢叉","1"
"1989","小茶几","1"
"1990","木瓜勺","2"
"1991","壁画","1"
"1992","分菜夹","1"
"1993","吊灯","1"
"1994","毛巾夹","1"
"1995","衣架","1"
"1997","冰夹","1"
"1998","托盘","1"
"1999","拖盘","1"
"2000","射灯","1"
"2001","冰桶","1"
"2002","暖水瓶","1"
"2003","果盘","1"
"2004","钢漏勺","1"
"2005","水果叉","1"
"2006","豉油架","1"
"2007","餐刀","1"
"2008","餐叉","1"
"2009","餐勺","1"
"2010","中刀","1"
"2012","大茶勺","1"
"2013","中茶勺","1"
"2014","冰茶勺","1"
"2015","茶勺","1"
"2016","咖啡勺","1"
"2017","莫卡勺","1"
"2018","牛肉汤勺","1"
"2020","公用叉","1"
"2021","公用勺","1"
"2022","沙拉叉","3"
"2023","沙拉勺","1"
"2024","黄油刀","1"
"2025","冷肉刀","1"
"2026","冷肉叉","1"
"2027","汤勺","2"
"2029","糖夹","1"
"2030","牛排刀","1"
"2031","餐柜","1"
"2032","大圆桌","1"
"2033","圆桌板凳","1"
"2034","小推车","1"
"2035","豆浆机","1"
"2036","抽油烟机","1"
"2037","面板","1"
"2038","菜板","1"
"2039","篓筐","1"
"2040","菜篮子","1"
"2041","馒头墩","1"
"2042","小铁碗","1"
"2043","蒸箱","1"
"2044","肠粉机","1"
"2045","双眼煤气灶","1"
"2046","12层蒸饭机","1"
"2047","双门消毒柜","1"
"2048","电磁炉","1"
"2049","冰柜","1"
"2050","调料缸","1"
"2051","油缸","1"
"2052","钢漏","1"
"2053","丝漏","1"
"2054","烟罩","1"
"2056","茭头","3"
"2057","小葱","3"
"2058","蒜头","3"
"2059","荠荠菜","3"
"2060","香芋","3"
"2061","牛蒡","3"
"2062","东瓜","3"
"2063","叶添菜","3"
"2064","杷添菜","3"
"2065","芥蓝","3"
"2066","菜苔","3"
"2067","芜菁甘蓝","3"
"2068","大白菜","3"
"2069","结球甘蓝","3"
"2070","花菜","3"
"2071","抱子甘蓝","3"
"2072","青花菜","3"
"2073","球茎甘蓝","3"
"2074","叶用介菜","3"
"2075","茎用介菜","3"
"2076","茼蒿","3"
"2077","长辣椒","3"
"2078","青椒","3"
"2079","苦苣","3"
"2080","香菜","3"
"2081","笋瓜","3"
"2082","丝瓜","3"
"2083","朝鲜蓟","3"
"2084","红萝卜","3"
"2085","淮山药","3"
"2087","莩荠","3"
"2088","小茴香","3"
"2090","金针菜","3"
"2091","菊芋","3"
"2092","猴头蘑","3"
"2093","薤菜","3"
"2094","青笋","3"
"2096","结球莴苣","3"
"2097","皱叶窝笋","3"
"2098","瓠瓜","3"
"2099","冬寒菜","3"
"2100","豆薯","3"
"2101","毛竹笋","3"
"2102","扁豆","3"
"2103","葛","3"
"2104","箩卜","3"
"2106","食用大黄","3"
"2107","慈菇","3"
"2108","草石蚕","3"
"2109","白木耳","3"
"2110","蛇瓜","3"
"2111","虹豆","3"
"2112","草菇","3"
"2113","芹菜","3"
"2114","蒜苗","3"
"2115","韭菜","3"
"2116","西芹","3"
"2117","南瓜","3"
"2118","冬瓜","3"
"2119","蒜苔","3"
"2120","包菜","3"
"2121","韭黄","3"
"2122","水芹","3"
"2123","苦菊","3"
"2124","冲菜","3"
"2125","芥兰","3"
"2126","荠菜","3"
"2127","纯菜","3"
"2128","米苋","3"
"2129","芜萎","3"
"2130","油菜","3"
"2131","辣根","3"
"2132","洋姜","3"
"2133","蒜墓","3"
"2134","魔芋","3"
"2135","十豆","3"
"2136","红薯","3"
"2137","凉薯","3"
"2138","地瘤","3"
"2139","芦笋","3"
"2140","竹笋","3"
"2141","菜椒","3"
"2142","尖椒","3"
"2143","甜椒","3"
"2144","苦瓜","3"
"2145","乳瓜","3"
"2146","胡瓜","3"
"2147","芸豆","3"
"2148","架豆","3"
"2149","青豆","3"
"2150","毛豆","3"
"2151","蛇豆","3"
"2152","菜豆","3"
"2153","眉豆","3"
"2154","地耳","3"
"2155","口蘑","3"
"2156","竹荪","3"
"2157","小平菇","3"
"2158","紫包菜","3"
"2159","杏鲍菇","3"
"2160","青辣椒","3"
"2161","小青菜","3"
"2162","紫甘蓝","3"
"2163","韭菜花","3"
"2164","龙须菜","3"
"2165","菊花脑","3"
"2166","人参菜","3"
"2167","黄秋葵","3"
"2168","富贵菜","3"
"2169","番薯叶","3"
"2170","紫背菜","3"
"2171","娃娃菜","3"
"2172","苔干叶","3"
"2173","山蛰菜","3"
"2174","金花菜","3"
"2175","木耳叶","3"
"2176","海白菜","3"
"2177","瓢儿菜","3"
"2178","罗汉菜","3"
"2179","白罗卜","3"
"2180","水罗卜","3"
"2181","桔梗丝","3"
"2182","宝塔菜","3"
"2183","鲜榨菜","3"
"2184","石刁柏","3"
"2185","豌豆芽","3"
"2186","香椿芽","3"
"2187","萝卜芽","3"
"2188","荞麦芽","3"
"2189","花生芽","3"
"2190","花椰菜","3"
"2191","紫菜蔓","3"
"2192","朝天椒","3"
"2193","螺丝椒","3"
"2194","金南瓜","3"
"2195","西葫芦","3"
"2196","佛手瓜","3"
"2197","四棱豆","3"
"2198","玉米尖","3"
"2199","鸡腿菇","3"
"2200","凤尾菇","3"
"2201","秀珍菇","3"
"2202","猪肚菇","3"
"2203","裙带菜","3"
"2204","柿蒂","3"
"2205","柿霜","3"
"2206","厚朴","3"
"2207","砂糖","3"
"2208","砒石","3"
"2209","砒霜","3"
"2210","轻粉","3"
"2211","蛇虫","3"
"2212","钩藤","3"
"2213","钩吻","3"
"2214","香附","3"
"2215","香橼","3"
"2216","香嵩","3"
"2217","香茹","3"
"2218","香幕","3"
"2219","重楼","3"
"2220","胆木","3"
"2221","胆矾","3"
"2222","胆星","3"
"2223","脉通","3"
"2224","独活","3"
"2225","信石","3"
"2226","鬼珠","3"
"2227","鬼白","3"
"2228","鬼刺","3"
"2229","鬼针","3"
"2230","食盐","3"
"2231","炮姜","3"
"2232","姜黄","3"
"2233","姜汁","3"
"2234","姜皮","3"
"2235","前胡","3"
"2236","首乌","3"
"2237","洪连","3"
"2238","扁蓄","3"
"2239","扁蕾","3"
"2240","神曲","3"
"2241","蚤休","3"
"2242","贯众","3"
"2243","贯仲","3"
"2244","秦艺","3"
"2245","秦皮","3"
"2246","莲肉","3"
"2247","莲房","3"
"2248","莲芯","3"
"2249","莲须","3"
"2250","荷蒂","3"
"2251","荷梗","3"
"2252","桂心","3"
"2253","桂枝","3"
"2254","莎草","3"
"2255","恶实","3"
"2256","桃汁","3"
"2257","盐蛇","3"
"2258","柴胡","3"
"2259","崖香","3"
"2260","蚌花","3"
"2261","铝丹","3"
"2262","蚕砂","3"
"2263","射干","3"
"2264","豹骨","3"
"2265","狼毒","3"
"2266","拳参","3"
"2267","海马","3"
"2268","海龙","3"
"2269","海藻","3"
"2270","海蛰","3"
"2271","浮石","3"
"2272","浮萍","3"
"2273","通天","3"
"2274","通草","3"
"2275","桑枝","3"
"2276","桑皮","3"
"2277","桑椹","3"
"2278","黄芩","3"
"2279","黄连","3"
"2280","黄泸","3"
"2281","黄柏","3"
"2282","黄精","3"
"2283","黄藤","3"
"2284","黄丹","3"
"2285","黄独","3"
"2286","黄杞","3"
"2287","黄宣","3"
"2288","黄蜡","2"
"2289","黄孽","3"
"2290","莒蒲","3"
"2291","菊苣","3"
"2292","营实","3"
"2293","萝卜","3"
"2294","梅仁","3"
"2295","梅片","3"
"2296","雪胆","3"
"2297","常山","3"
"2298","野姜","3"
"2299","野艾","3"
"2300","野菱","3"
"2301","蛇莓","3"
"2302","蚯蚓","3"
"2303","银杏","3"
"2304","银花","3"
"2305","银翘","3"
"2306","猪苓","3"
"2307","兜铃","3"
"2308","麻油","3"
"2309","麻黄","3"
"2310","麻仁","3"
"2311","鹿角","3"
"2312","橘核","3"
"2313","橘红","3"
"2314","橘皮","3"
"2315","橘白","3"
"2316","薯莨","3"
"2317","薤白","3"
"2318","鹤虱","3"
"2319","漏芦","3"
"2320","熟地","3"
"2321","蝼姑","3"
"2322","僵蚕","3"
"2323","稻芽","3"
"2324","樟脑","3"
"2325","蕲蛇","3"
"2326","蕤仁","3"
"2327","赭石","3"
"2328","辣蓼","3"
"2329","蝉蜕","3"
"2330","熊胆","3"
"2331","蝉衣","3"
"2332","豆姜","3"
"2333","磁石","2"
"2334","碱花","3"
"2335","酸模","3"
"2336","酸浆","3"
"2337","榧子","3"
"2338","皮瞭","3"
"2340","黄锦","3"
"2341","蜜腰","3"
"2342","蜡蜂","3"
"2343","房蜂","3"
"2344","蜂房","3"
"2345","蜈蚣","3"
"2346","蜀椒","3"
"2347","雷丸","3"
"2348","硼砂","3"
"2349","槐角","3"
"2350","槐花","3"
"2351","槐实","3"
"2352","槐米","3"
"2353","椿皮","3"
"2354","芹瞭","3"
"2355","黄蒲","3"
"2356","藜蒲","3"
"2357","角蒺","3"
"2358","便犀","3"
"2359","水童","3"
"2360","石寒","3"
"2361","头滑","3"
"2362","杂猴","3"
"2363","贝奥","3"
"2364","猴头","3"
"2365","象贝","3"
"2366","斑蠡","3"
"2367","葱白","3"
"2368","葛花","3"
"2369","落葵","3"
"2370","栗壳","3"
"2371","硫磺","3"
"2372","雄黄","3"
"2373","喜树","3"
"2374","椒目","3"
"2375","棕板","3"
"2376","掌参","3"
"2377","紫萍","3"
"2378","紫芝","3"
"2379","紫草","3"
"2380","紫株","3"
"2381","紫绀","3"
"2382","紫葳","3"
"2383","蛤壳","2"
"2384","蛤蚡","3"
"2385","黑丑","3"
"2386","黑锡","3"
"2387","黑钻","3"
"2388","黑菜","3"
"2389","锁阳","3"
"2390","一见喜","3"
"2391","一见消","3"
"2392","一点红","3"
"2393","一枝香","3"
"2394","一叶荻","3"
"2395","一条鞭","3"
"2396","二叶律","3"
"2397","丁子香","3"
"2398","丁公藤","3"
"2399","七叶莲","3"
"2400","人中白","3"
"2401","八月札","3"
"2402","八角枫","3"
"2403","八角莲","3"
"2404","八厘麻","3"
"2405","九里明","3"
"2406","九里香","3"
"2407","九龙根","3"
"2408","九节茶","3"
"2409","九香虫","3"
"2410","了哥王","3"
"2411","刀伤木","3"
"2412","三叉苦","3"
"2413","三分三","3"
"2414","三白草","3"
"2415","三枝枪","3"
"2416","三角草","3"
"2417","三颗针","3"
"2418","干石斛","3"
"2419","土木香","3"
"2420","土贝母","3"
"2421","土三七","3"
"2422","土当归","3"
"2423","土荆皮","3"
"2424","土茯苓","3"
"2425","土党参","3"
"2426","土大黄","3"
"2427","土牛膝","3"
"2428","土人参","3"
"2429","土木鳖","3"
"2430","土槿皮","3"
"2431","土鳖虫","3"
"2432","大头陈","3"
"2433","大血藤","3"
"2434","大红袍茶叶渣","3"
"2435","大青叶","3"
"2436","大青盐","3"
"2437","大力参","3"
"2438","大风子","3"
"2439","大贝母","3"
"2440","大飞扬","3"
"2441","大马勃","3"
"2442","大黄炭","3"
"2443","大洞果","3"
"2444","大茶药","3"
"2445","大茴香","3"
"2446","大豆卷","3"
"2447","大麻仁","3"
"2448","大蓟炭","3"
"2449","大腹皮","3"
"2450","大紫草","3"
"2451","山栀皮","3"
"2452","山栀茶","3"
"2453","山茱萸","3"
"2454","山羊角","3"
"2455","山豆根","3"
"2456","山梗菜","3"
"2457","山海螺","3"
"2458","瞭千斤","3"
"2459","千斤拨","3"
"2460","千年健","3"
"2461","千里明","3"
"2462","千金正","3"
"2463","千屈荣","3"
"2464","千里及","3"
"2465","干张纸","3"
"2466","千层塔","3"
"2467","川木香","3"
"2468","川木通","3"
"2469","川贝母","3"
"2470","川白芷","3"
"2471","川牛膝","3"
"2472","川桐皮","3"
"2473","川栋子","3"
"2474","川山甲","3"
"2475","川槿皮","3"
"2476","川郁金","3"
"2477","广郁金","3"
"2478","广地龙","3"
"2479","广木香","3"
"2480","广地丁","3"
"2481","广防己","3"
"2482","广藿香","3"
"2483","女贞子","3"
"2484","女儿香","3"
"2485","飞刀剑","3"
"2486","飞扬草","3"
"2487","飞滑石","3"
"2488","小飞扬","3"
"2489","小蓟炭","3"
"2490","百科全书","1"
"2491","小石韦","3"
"2492","小红莲","3"
"2493","小红参","3"
"2494","小胡麻","3"
"2495","小兰花","3"
"2496","小驳骨","3"
"2497","小叶朴","3"
"2498","小青皮","3"
"2499","小通草","3"
"2500","小黄药","3"
"2501","万年青","3"
"2502","马蹄金","3"
"2503","马前子","3"
"2504","马尾莲","3"
"2505","马利筋","3"
"2506","马兰草","3"
"2507","马牙硝","3"
"2508","马尿泡","3"
"2509","马兜铃","3"
"2510","马缨花","3"
"2511","马槟榔","3"
"2512","马鞭草","3"
"2513","天葵子","3"
"2514","元明粉","3"
"2515","元宝草","3"
"2517","云母石","3"
"2518","云木香","3"
"2519","云实皮","3"
"2520","木棉花","3"
"2521","木腰子","3"
"2522","木槿花","3"
"2523","木蝴蝶","3"
"2524","木芙蓉","3"
"2525","木藤蓼","3"
"2526","木鳖子","3"
"2527","木防己","3"
"2528","木笔花","3"
"2529","木贼花","3"
"2530","木菠萝","3"
"2531","木灵芝","3"
"2532","木姜子","3"
"2533","木患子","3"
"2534","太子参","3"
"2535","五加皮","3"
"2536","五灵脂","3"
"2537","五味子","3"
"2538","瞭五指","3"
"2539","五倍子","3"
"2540","五眼果","3"
"2541","五敛子","3"
"2542","扎蓬果","3"
"2543","支柱蓼","3"
"2545","无名子","3"
"2546","无名异","3"
"2547","无患子","3"
"2548","车前子","3"
"2549","车前草","3"
"2550","中药瓦楞子","3"
"2551","瓦垄子","3"
"2552","瓦挖草","3"
"2553","贝母花","3"
"2554","丹皮炭","3"
"2555","丹皮酚","3"
"2556","牛大力","3"
"2557","牛西西","3"
"2558","牛蒡子","3"
"2559","书带草","3"
"2560","毛冬青","3"
"2561","毛诃子","3"
"2562","月季花","3"
"2563","月月花","3"
"2564","风茄花","3"
"2565","风化硝","4"
"2566","风仙花","3"
"2567","凤凰衣","3"
"2568","凤尾草","3"
"2569","乌头碱","3"
"2570","乌贼骨","3"
"2571","乌梢蛇","3"
"2572","乌鼓莓","3"
"2573","六和曲","3"
"2574","六月雪","3"
"2575","文旦皮","3"
"2576","文冠木","3"
"2577","火炭母","3"
"2578","双蝴蝶","3"
"2579","水安息","3"
"2581","水花生","3"
"2582","水车前","3"
"2583","水龙骨","3"
"2584","水牛角","3"
"2585","水半夏","3"
"2586","夏水扬梅","3"
"2587","水扬梅","3"
"2588","水蜈蚣","3"
"2589","水蔓菁","3"
"2590","巴豆霜","3"
"2591","巴戟天","3"
"2592","包包","1"
"2593","乌梅壳","3"
"2594","盐水花生","3"
"2595","石灰干燥剂","2"
"2596","黄油包装纸","2"
"2597","淘宝纸盒","1"
"2598","隐形眼镜片","2"
"2599","坏马桶","2"
"2600","不锈钢勺子","1"
"2601","晾衣架","1"
"2602","食物托盘","1"
"2603","木质菜板","1"
"2604","金属制菜篮子","1"
"2605","丝瓜瓤","3"
"2606","魔芋粉包装袋","2"
"2607","毛豆结","3"
"2608","白砂糖","3"
"2609","榴莲肉","3"
"2610","银杏果","3"
"2612","香榧子壳","3"
"2613","板栗壳","3"
"2614","文蛤壳","2"
"2615","巴 戟天","3"
"2616","功劳木","3"
"2617","惇甘草","3"
"2618","甘草稍","3"
"2619","甘露子","3"
"2620","甘松香","3"
"2621","古山龙","3"
"2622","石灰华","3"
"2623","石见穿","3"
"2624","石吊兰","3"
"2625","石决明","3"
"2626","石龙芮","3"
"2627","石钻子","3"
"2628","石菖蒲","3"
"2629","石椒草","3"
"2630","石楠叶","3"
"2631","石榴子","3"
"2632","石榴皮","3"
"2633","石硫磺","3"
"2634","石钟乳","3"
"2635","石荷叶","3"
"2636","石莲子","3"
"2637","石胡莩","3"
"2638","石花菜","3"
"2639","布渣叶","3"
"2640","龙胆草","3"
"2641","龙眼肉","3"
"2642","龙利叶","3"
"2643","龙牙草","3"
"2644","龙脑香","3"
"2645","平贝母","3"
"2646","平地木","3"
"2647","北豆根","3"
"2648","北玄参","3"
"2649","北沙参","3"
"2650","北柴胡","3"
"2651","北野菊","3"
"2652","叶上珠","3"
"2653","叶底珠","3"
"2654","四方藤","3"
"2655","四叶参","3"
"2656","四季青","3"
"2657","四方草","3"
"2658","田三七","3"
"2659","田基黄","3"
"2660","田字草","3"
"2661","甲鱼骨","3"
"2662","生姜皮","3"
"2663","生晒参","3"
"2664","生石膏","3"
"2665","生地黄","3"
"2666","生卷柏","3"
"2667","生谷芽","3"
"2668","代赭石","3"
"2669","瞭仙人","3"
"2670","仙人掌","3"
"2671","仙灵脾","3"
"2672","仙遗粮","3"
"2673","仙半夏","3"
"2674","仙桃草","3"
"2675","仙鹤草","3"
"2676","过路黄","3"
"2677","白头须","3"
"2678","白头翁","3"
"2679","白芥子","3"
"2680","白附子","3"
"2681","白兔根","3"
"2682","白茅根","3"
"2683","白屈菜","3"
"2684","白茯苓","3"
"2685","白药子","3"
"2686","白首乌","3"
"2687","白鲜皮","3"
"2688","白蔻仁","3"
"2689","白贝齿","3"
"2690","白背叶","3"
"2691","白花蛇","3"
"2692","白茅花","3"
"2693","白胶木","3"
"2694","白胶香","3"
"2695","白商陆","3"
"2696","白菊花","3"
"2697","白石英","3"
"2698","白雷丸","3"
"2699","白河车","3"
"2700","白马骨","3"
"2701","白平子","3"
"2702","白胡椒","3"
"2703","白茄根","3"
"2704","白豆蔻","3"
"2705","白蒺藜","3"
"2706","白僵蚕","3"
"2707","鸟不宿","3"
"2708","瓜萎仁","3"
"2709","瓜萎子","3"
"2710","瞭瓜萎","3"
"2711","瓜萎根","3"
"2712","瓜子金","3"
"2713","瓜菜仁","3"
"2714","瓜姜皮","3"
"2715","冬葵子","3"
"2716","冬虫草","3"
"2717","冬瓜皮","3"
"2718","冬瓜仁","3"
"2719","冬凌草","3"
"2720","冬葵果","3"
"2721","玄明粉","3"
"2722","玄胡索","3"
"2723","半夏曲","3"
"2724","半边旗","3"
"2725","半枫荷","3"
"2726","半边莲","3"
"2727","汉肌松","3"
"2728","汉宫秋","3"
"2729","汉桃叶","3"
"2730","对座草","3"
"2731","母丁香","3"
"2732","台乌药","3"
"2733","丝瓜络","3"
"2734","丝瓜藤","3"
"2735","老少年","3"
"2736","老勿大","3"
"2737","老鹳草","3"
"2738","老鹳嘴","3"
"2739","老鸦瓣","3"
"2740","亚麻子","3"
"2741","亚乎奴","3"
"2742","亚吉玛","3"
"2743","地肤","3"
"2744","地肤子","3"
"2745","地骨皮","3"
"2746","地鳖虫","3"
"2747","地耳草","3"
"2748","地龙炭","3"
"2749","地枫皮","3"
"2750","地胆草","3"
"2751","地栗粉","3"
"2752","扞扞活","3"
"2753","托盘根","3"
"2754","西洋参","3"
"2755","西河柳","3"
"2756","百两金","3"
"2757","百里霜","3"
"2758","百芯草","3"
"2759","百药煎","3"
"2760","百草霜","3"
"2761","光慈姑","3"
"2762","当门子","3"
"2763","当归尾","3"
"2764","当归身","3"
"2765","虫百腊","3"
"2766","吕宋果","3"
"2767","回回来","3"
"2768","肉豆末","3"
"2769","旱莲草","3"
"2770","肉从蓉","3"
"2771","丢了棒","3"
"2772","自然铜","3"
"2773","血余炭","3"
"2774","合欢皮","3"
"2775","决明子","3"
"2776","灯芯草","3"
"2777","安息香","3"
"2778","农吉利","3"
"2779","阳起石","3"
"2780","延胡索","3"
"2781","麦门冬","3"
"2782","赤石脂","3"
"2783","芸香草","3"
"2784","苣英菜","3"
"2785","花蕊石","3"
"2786","苍耳子","3"
"2787","苏合香","3"
"2788","两面针","3"
"2789","吴茱萸","3"
"2790","牡丹皮","3"
"2791","何首乌","3"
"2792","皂角刺","3"
"2793","谷精草","3"
"2794","龟板胶","3"
"2795","辛夷花","3"
"2796","连钱草","3"
"2797","沙苑子","3"
"2798","补骨脂","3"
"2799","灶心土","2"
"2800","忍冬藤","3"
"2801","鸡血藤","3"
"2802","鸡骨草","3"
"2803","青箱子","3"
"2804","苦瓜干","3"
"2805","苦楠皮","3"
"2806","枇杷叶","3"
"2807","板兰根","3"
"2808","松节油","3"
"2809","刺五加","3"
"2810","郁李仁","3"
"2811","败酱草","3"
"2812","垂盆草","3"
"2813","使君子","3"
"2814","金沙藤","3"
"2815","金钱草","3"
"2816","金银花","3"
"2817","金樱子","3"
"2818","长春花","3"
"2819","狗肝菜","3"
"2820","闹羊花","3"
"2821","炉甘石","3"
"2822","茯苓皮","3"
"2823","芜蔚子","3"
"2824","柏子仁","3"
"2825","威灵仙","3"
"2826","牵牛子","3"
"2827","鸦胆子","3"
"2828","骨碎补","3"
"2829","钟乳石","3"
"2830","莲子心","3"
"2831","夏天无","3"
"2832","鸭跖草","3"
"2833","倒扣草","3"
"2834","凌霄花","3"
"2835","宽筋藤","3"
"2836","高良姜","3"
"2837","益智仁","3"
"2838","海风藤","3"
"2839","海金沙","3"
"2840","海蠕蛸","3"
"2841","菟丝子","3"
"2842","羚羊角","3"
"2843","救必应","3"
"2844","蛇床子","3"
"2845","蛇胆汁","3"
"2846","猫爪草","3"
"2847","鹿角胶","3"
"2848","鹿角霜","3"
"2849","鹿衔草","3"
"2850","旋复花","3"
"2851","淫羊藿","3"
"2852","密蒙花","3"
"2853","款冬花","3"
"2854","葫芦茶","3"
"2855","拿劳子","3"
"2856","紫河车","3"
"2857","番泻叶","3"
"2858","寒水石","3"
"2859","腊梅花","3"
"2860","蓖麻子","3"
"2861","路 路通","3"
"2862","鼠曲草","3"
"2863","蔓荆子","3"
"2864","酸枣仁","3"
"2865","罂粟壳","3"
"2866","薄荷油","3"
"2867","颠茄草","3"
"2868","蛙麒菊","3"
"2869","糯稻根","3"
"2870","鹰不泊","3"
"2871","十大功劳","3"
"2872","王不留行","3"
"2873","五指毛桃","3"
"2874","罗布麻叶","3"
"2875","臭梧桐叶","3"
"2876","紫花杜鹃","3"
"2877","紫背天葵","3"
"2878","鹅不食草","3"
"2879","干漆","4"
"2880","大黄","3"
"2881","川羌","3"
"2882","瓦韦","3"
"2883","蓝瞭","3"
"2884","—见喜","3"
"2885","卤蛋","3"
"2886","卤鹅","3"
"2887","鹅肾","3"
"2888","卤鹅肠","3"
"2889","鸡翅","3"
"2892","cpu","1"
"2900","水瓶","1"
"2901","乒乓球","1"
"2902","乒乓球拍","1"
"2904","竹筷子","2"
"2905","ipad","1"
"2906","马肉","3"
"2907","肉","3"
"2910","卫生","3"
"2912","尺子","1"
"2913","身份证","1"
"2916","导线","1"
"2918","金子","1"
"2919","金","1"
"2920","纸","1"
"2921","可乐瓶","1"
"2922","水杯","1"
"2923","抽纸","2"
"2924","纸壳","1"
"2925","废纸","1"
"2927","药","4"
"2928","书","1"
"2932","拖拉机","1"
"2937","纸箱","1"
"2940","卫生纸","2"
"2945","塑料瓶儿","1"
"2949","玻璃瓶儿","1"
"2952","菜叶","3"
"2953","裤衩","2"
"2955","裤衩儿","2"
"2966","氨","4"
"2985","玉米","3"
"2988","死鱼","3"
"2989","鱼","1"
"2990","猪","2"
"2991","洋芋","3"
"2992","塑料","1"
"2994","可乐","1"
"2996","奶茶瓶","1"
"3002","刀","1"
"3006","瓶子","1"
"3008","抹布","2"
"3020","牛排","3"
"3027","米","3"
"3028","面条","3"
"3031","尿布","2"
"3033","塑料桶","1"
"3034","帽子","1"
"3035","耳机带","1"
"3036","核废料","4"
"3037","烟灰","2"
"3041","饮料罐","1"
"3042","虾","3"
"3050","米饭","3"
"3051","汤","3"
"3052","鱼刺","3"
"3053","刺","3"
"3054","内脏","3"
"3055","鱼脏","3"
"3056","鳞片","3"
"3065","电灯泡","4"
"3066","灯","1"
"3077","皮草","2"
"3078","废弃大衣","1"
"3079","大衣","1"
"3081","螺","3"
"3084","菜","3"
"3086","裤子","1"
"3088","鸡蛋壳","3"
"3092","鸡骨头","3"
"3093","吃剩的肉骨头","3"
"3094","铅笔盒","1"
"3096","菜刀","1"
"3097","铁罐","1"
"3098","大头钉","1"
"3099","书籍","1"
"3100","课本","1"
"3101","汽车","1"
"3103","茶","3"
"3105","橡皮","2"
"3106","图","1"
"3109","表","1"
"3110","铁","1"
"3114","花","3"
"3116","碗","1"
"3119","苹香蕉","3"
"3128","纸皮","1"
"3129","瓜子壳","3"
"3134","板材","1"
"3137","水果刀","1"
"3141","包装袋/盒","1"
"3142","吸顶灯","1"
"3143","数码伴侣","1"
"3145","项链/吊坠","1"
"3146","钥匙串","1"
"3147","荧光笔","2"
"3148","桔子","3"
"3149","胡椒喷雾","4"
"3150","负离子发生器","1"
"3152","电路板","1"
"3153","可回收垃圾","1"
"3154","绉布","1"
"3155","遥控器","1"
"3156","光电鼠","1"
"3157","电风扇","1"
"3158","屎","2"
"3159","鼻屎","2"
"3160","过期的食用油","3"
"3161","汽油罐","4"
"3162","汽油","4"
"3163","汽油桶","4"
"3164","草稿纸","1"
"3165","纸张","1"
"3166","纸尿裤","2"
"3167","创可贴","2"
"3169","显示器屏幕","1"
"3172","护肤品","2"
"3173","纽扣","1"
"3174","药品盒子","1"
"3175","油桶","1"
"3177","水晶观音","1"
"3178","玻璃瓶子","1"
"3179","刻度杯","1"
"3183","耳机/耳麦","1"
"3184","桃子","3"
"3186","碎砖","2"
"3189","粑粑","2"
"3195","铀","4"
"3196","厕所纸","2"
"3197","厕纸","2"
"3199","安全套","2"
"3200","墙皮","2"
"3202","发霉的苹果","3"
"3203","发霉苹果","3"
"3205","房子","2"
"3210","用过的的纸巾","2"
"3211","大便","2"
"3212","煎饼","3"
"3213","调料袋","2"
"3216","干花","2"
"3219","用过的避孕套","2"
"3220","水果皮","3"
"3221","苹果皮","3"
"3222","厨余垃圾","3"
"3223","土豆丝","3"
"3224","鲜花","3"
"3225","芒果皮","3"
"3226","香蕉皮干","3"
"3228","一次性筷子","2"
"3229","套套","2"
"3230","西红柿剩菜","3"
"3231","火锅底料","3"
"4001","废镍镉电池","4"
"4002","废氧化汞电池","4"
"4003","废铅酸蓄电池","4"
"4004","纽扣电池","4"
"4005","锂电池","4"
"4006","手机电池","4"
"4007","笔记本电脑电池","4"
"4008","充电宝电池芯","4"
"4009","电动车电池","4"
"4010","汽车蓄电池","4"
"4011","照相机电池","4"
"4012","手表纽扣电池","4"
"4013","助听器电池","4"
"4014","不间断电源电池","4"
"4015","锂离子聚合物电池","4"
"4016","老式手电筒电池","4"
"4017","废弃充电电池","4"
"4018","平板电脑电池","4"
"4019","电子烟电池","4"
"4020","太阳能电池板","4"
"4030","废荧光灯管","4"
"4031","废节能灯","4"
"4032","卤素灯泡","4"
"4033","高压汞灯","4"
"4034","高压钠灯","4"
"4035","金属卤化物灯","4"
"4036","紫外线灯管","4"
"4037","霓虹灯管","4"
"4038","废灯管","4"
"4039","含汞灯泡","4"
"4040","杀菌灯管","4"
"4041","投影仪灯泡","4"
"4042","黑光灯","4"
"4043","频闪灯管","4"
"4044","老式台灯灯管","4"
"4045","破碎的日光灯管","4"
"4046","医用无影灯泡","4"
"4047","碘钨灯","4"
"4048","氙气灯","4"
"4060","过期感冒药","4"
"4061","过期抗生素","4"
"4062","过期消炎药","4"
"4063","过期止咳糖浆","4"
"4064","过期胃药","4"
"4065","过期退烧药","4"
"4066","过期止痛药","4"
"4067","过期避孕药","4"
"4068","过期维生素","4"
"4069","过期钙片","4"
"4070","过期阿莫西林","4"
"4071","过期头孢","4"
"4072","过期布洛芬","4"
"4073","过期板蓝根颗粒","4"
"4074","过期眼药水","4"
"4075","过期红药水","4"
"4076","过期紫药水","4"
"4077","过期碘酒","4"
"4078","过期开塞露","4"
"4079","过期硝酸甘油","4"
"4080","过期速效救心丸","4"
"4081","过期降压药","4"
"4082","过期降糖药","4"
"4083","过期胰岛素","4"
"4084","废弃药膏","4"
"4085","红霉素软膏","4"
"4086","皮炎平","4"
"4087","风湿膏药","4"
"4088","中药渣(含化学成分)","4"
"4089","各种废弃针头","4"
"4090","使用过的输液管","4"
"4091","含药物残留的包装盒","4"
"4092","废弃保健品","4"
"4093","过期阿司匹林","4"
"4094","过期连花清瘟","4"
"4095","过期双黄连","4"
"4096","过期云南白药","4"
"4097","过期创可贴","4"
"4098","医用棉签(沾染药物)","4"
"4099","医用纱布(沾染药物)","4"
"4100","过期西地兰","4"
"4101","过期地塞米松","4"
"4102","过期扑尔敏","4"
"4103","过期罗红霉素","4"
"4104","过期诺氟沙星","4"
"4105","过期健胃消食片","4"
"4106","过期牛黄解毒片","4"
"4107","过期六味地黄丸","4"
"4108","过期乌鸡白凤丸","4"
"4109","过期止咳水","4"
"4110","过期喉片","4"
"4111","过期草珊瑚含片","4"
"4112","过期金嗓子","4"
"4113","过期藿香正气水","4"
"4114","过期十滴水","4"
"4115","过期风油精","4"
"4116","过期清凉油","4"
"4117","过期跌打酒","4"
"4118","过期正骨水","4"
"4130","废油漆","4"
"4131","废油漆桶","4"
"4132","油漆刷","4"
"4133","稀释剂","4"
"4134","天那水","4"
"4135","香蕉水","4"
"4136","松香水","4"
"4137","装修用胶水","4"
"4138","万能胶","4"
"4139","AB胶","4"
"4140","玻璃胶","4"
"4141","白乳胶","4"
"4142","强力胶","4"
"4143","工业酒精","4"
"4144","防锈漆","4"
"4145","防水涂料","4"
"4146","木器漆","4"
"4147","墙面漆","4"
"4148","地板蜡","4"
"4149","家具抛光剂","4"
"4150","溶剂桶","4"
"4151","填缝剂","4"
"4152","原子灰","4"
"4153","自喷漆","4"
"4154","去光水","4"
"4155","脱漆剂","4"
"4156","固化剂","4"
"4170","杀虫喷雾","4"
"4171","杀虫剂罐","4"
"4172","蚊香液","4"
"4173","电蚊香片","4"
"4174","蟑螂药","4"
"4175","老鼠药","4"
"4176","杀鼠剂","4"
"4177","农药瓶","4"
"4178","除草剂","4"
"4179","杀菌剂","4"
"4180","樟脑丸","4"
"4181","防蛀片","4"
"4182","虱子粉","4"
"4183","白蚁药","4"
"4184","跳蚤粉","4"
"4185","蜗牛诱杀剂","4"
"4186","园艺农药","4"
"4187","敌敌畏瓶","4"
"4188","百草枯瓶","4"
"4189","杀虫粉","4"
"4190","蟑螂屋(含药)","4"
"4191","蚂蚁药","4"
"4200","指甲油","4"
"4201","洗甲水","4"
"4202","卸妆油(含化学成分)","4"
"4203","染发剂","4"
"4204","染发膏","4"
"4205","烫发剂","4"
"4206","脱毛膏","4"
"4207","发胶罐","4"
"4208","摩丝瓶","4"
"4209","指甲油瓶","4"
"4210","香水瓶(含残留)","4"
"4211","废弃化妆水","4"
"4212","废弃乳液","4"
"4213","废弃精华液","4"
"4214","废弃面霜","4"
"4215","废弃粉底液","4"
"4216","废弃口红","4"
"4217","废弃睫毛膏","4"
"4218","美甲胶","4"
"4219","甲片胶水","4"
"4220","空气清新剂罐","4"
"4221","漂白剂","4"
"4222","消毒剂","4"
"4223","84消毒液","4"
"4224","洁厕灵","4"
"4225","通渠粉","4"
"4226","管道疏通剂","4"
"4227","除垢剂","4"
"4228","去污粉","4"
"4229","皮鞋油","4"
"4230","皮鞋护理剂","4"
"4231","皮革光亮剂","4"
"4232","干洗剂","4"
"4250","水银体温计","4"
"4251","水银血压计","4"
"4252","水银温度计","4"
"4253","破碎的体温计","4"
"4254","汞齐齿科材料","4"
"4255","含汞开关","4"
"4256","含汞继电器","4"
"4257","气压计","4"
"4270","废机油","4"
"4271","废机油桶","4"
"4272","机油滤芯","4"
"4273","刹车油","4"
"4274","防冻液","4"
"4275","防冻液桶","4"
"4276","变速箱油","4"
"4277","方向机油","4"
"4278","汽车玻璃水(含化学)","4"
"4279","化油器清洗剂","4"
"4280","燃油添加剂","4"
"4281","发动机清洗剂","4"
"4282","车用密封胶","4"
"4283","车蜡","4"
"4284","补漆笔","4"
"4285","轮胎光亮剂","4"
"4286","沥青去除剂","4"
"4287","雨刷精","4"
"4288","蓄电池电解液","4"
"4289","柴油滤清器","4"
"4300","废胶卷","4"
"4301","废相纸","4"
"4302","显影液","4"
"4303","定影液","4"
"4304","照片冲洗液","4"
"4305","胶片底片","4"
"4306","打印机墨盒","4"
"4307","打印机硒鼓","4"
"4308","墨粉盒","4"
"4309","碳粉","4"
"4310","色带","4"
"4311","喷墨墨水","4"
"4320","干燥剂(硅胶除外)","4"
"4321","生石灰干燥剂","2"
"4322","氯化钙干燥剂","4"
"4323","矿物机油","4"
"4324","润滑油","4"
"4325","齿轮油","4"
"4326","除锈剂","4"
"4327","防锈剂","4"
"4328","除胶剂","4"
"4329","丙酮","4"
"4330","乙醚","4"
"4331","煤油","4"
"4332","打火机油","4"
"4333","丁烷气罐","4"
"4334","便携炉气罐","4"
"4335","发泡剂罐","4"
"4336","化学试剂","4"
"4337","化学实验废液","4"
"4338","实验室玻璃器皿","4"
"4339","石棉废物","4"
"4340","PCB电路板清洗剂","4"
"4341","洗板水","4"
"4342","助焊剂","4"
"4343","焊锡渣","4"
"4344","导热硅脂","4"
"4345","散热膏","4"
"4400","过期止泻药","4"
"4401","过期晕车药","4"
"4402","过期安眠药","4"
"4403","过期避孕套(含杀精剂)","4"
"4404","过期减肥药","4"
"4405","过期抗过敏药","4"
"4406","过期心脏病药","4"
"4407","过期高血压药","4"
"4408","过期抗癌药物","4"
"4409","过期艾滋病阻断药","4"
"4410","使用过的胰岛素针","4"
"4411","采血针","4"
"4412","化学污染的血糖试纸","4"
"4413","废弃牙科汞齐","4"
"4414","过期宠物驱虫药","4"
"4415","过期宠物滴耳液","4"
"4416","过期红霉素眼膏","4"
"4417","过期金霉素软膏","4"
"4418","过期百多邦","4"
"4419","过期达克宁","4"
"4420","过期派瑞松","4"
"4421","烫伤膏","4"
"4422","痔疮膏","4"
"4423","碘伏瓶(含残留)","4"
"4424","双氧水瓶(含残留)","4"
"4425","高锰酸钾","4"
"4426","医用酒精瓶(含残留)","4"
"4427","龙胆紫溶液","4"
"4428","废弃X光片","4"
"4429","废弃CT胶片","4"
"4430","汽车补胎液","4"
"4431","发动机抗磨剂","4"
"4432","燃油宝","4"
"4433","节气门清洗剂","4"
"4434","喷油嘴清洗剂","4"
"4435","刹车片清洗剂","4"
"4437","虫胶去除剂","4"
"4438","轮毂清洗剂","4"
"4439","汽车防雾剂","4"
"4440","雨敌","4"
"4441","汽车漆面镀晶液","4"
"4442","电瓶水","4"
"4443","汽车原子灰","4"
"4444","废弃火花塞(含重金属)","4"
"4445","废弃汽车保险丝","4"
"4446","空调清洗剂(压力罐)","4"
"4447","链条油","4"
"4448","黄油枪油嘴","4"
"4449","废液压油","4"
"4450","环氧地坪漆","4"
"4451","聚氨酯漆","4"
"4452","硝基漆","4"
"4453","醇酸漆","4"
"4454","清漆","4"
"4455","木蜡油","4"
"4456","调色油","4"
"4457","环氧树脂胶","4"
"4458","结构胶","4"
"4459","云石胶","4"
"4460","发泡胶罐","4"
"4461","补鞋胶","4"
"4462","补胎胶","4"
"4463","美缝剂","4"
"4464","甲醛清除剂","4"
"4465","吸附甲醛的活性炭","4"
"4466","烧碱","4"
"4467","工业浓盐酸","4"
"4468","浓硫酸","4"
"4469","氨水","4"
"4470","除霉剂","4"
"4471","强力除油剂","4"
"4472","水垢清除剂","4"
"4473","不锈钢清洁剂","4"
"4474","烤箱清洁剂","4"
"4475","油烟机强力清洗剂","4"
"4476","废弃修正液","4"
"4477","涂改液","4"
"4478","记号笔(油性)","2"
"4479","白板笔(油性)","2"
"4480","打印机喷头清洗液","4"
"4481","光盘修复液","4"
"4482","磁头清洁剂","4"
"4483","紫外线固化胶","4"
"4484","无影胶","4"
"4485","厌氧胶","4"
"4486","螺纹锁固剂","4"
"4487","含铅焊锡丝","4"
"4488","电烙铁头(含铅)","4"
"4489","废弃鼠标垫","2"
"4490","含汞血压计","4"
"4491","含汞气压计","4"
"4492","含汞水平仪","4"
"4493","荧光棒(含液体)","4"
"4494","闪光灯管","4"
"4495","诱虫灯管","4"
"4496","美黑灯管","4"
"4497","植物生长灯(含汞)","4"
"4498","老式电视显像管","4"
"4499","破碎的液晶屏幕","4"
"4500","废旧路由器电池","4"
"5001","污损卫生纸","2"
"5002","使用过的餐巾纸","2"
"5003","使用过的湿纸巾","2"
"5004","脏污的面巾纸","2"
"5005","婴儿尿布","2"
"5006","废弃纸尿裤","2"
"5007","成人尿不湿","2"
"5008","卫生巾","2"
"5009","护垫","2"
"5010","卫生棉条","2"
"5011","使用过的棉签","2"
"5013","化妆棉","2"
"5014","洁面巾","2"
"5015","使用过的牙线","2"
"5016","牙线棒","2"
"5018","旧口罩","2"
"5019","一次性口罩","2"
"5020","医用口罩","2"
"5021","防尘口罩","2"
"5022","隐形眼镜","2"
"5023","美瞳","2"
"5025","双眼皮贴","2"
"5026","吸油面纸","2"
"5027","痘痘贴","2"
"5028","足贴","2"
"5029","暖宝宝贴","2"
"5030","退热贴","2"
"5031","鼻贴","2"
"5032","洗脸海绵","2"
"5033","粉扑","2"
"5034","美妆蛋","2"
"5035","剃须刀片(一次性)","2"
"5036","旧牙刷","2"
"5037","电动牙刷刷头","2"
"5038","浴球","2"
"5039","搓澡巾","2"
"5050","污损的塑料袋","2"
"5051","沾油的保鲜膜","2"
"5052","使用过的保鲜袋","2"
"5053","脏的一次性餐盒","2"
"5054","用过的一次性杯子","2"
"5055","珍珠奶茶杯(脏)","2"
"5056","酸奶杯(未冲洗)","2"
"5059","木筷","2"
"5062","烧烤签","2"
"5063","关东煮签子","2"
"5064","吸管","2"
"5065","咖啡搅拌棒","2"
"5066","冰淇淋木勺","2"
"5067","脏的蛋糕纸盘","2"
"5068","用过的烘焙纸","2"
"5069","用过的锡纸","2"
"5070","铝箔餐盒(脏)","2"
"5071","食品干燥剂","2"
"5073","硅胶干燥剂","2"
"5074","脱氧剂","2"
"5075","食品防腐剂","2"
"5076","冰袋","2"
"5077","生物冰袋","2"
"5078","口香糖(嚼过的)","2"
"5079","泡泡糖残渣","2"
"5080","槟榔渣","2"
"5084","雪茄头","2"
"5085","电子烟弹(空)","2"
"5086","红酒塞(软木)","2"
"5100","猪大骨","2"
"5101","牛大骨","2"
"5102","羊大骨","2"
"5104","棒骨","2"
"5105","扇骨","2"
"5106","蹄膀骨","2"
"5108","榴莲核","2"
"5109","椰子壳","2"
"5110","菠萝蜜壳","2"
"5112","硬核桃壳","2"
"5113","碧根果壳","2"
"5114","夏威夷果壳","2"
"5115","澳洲坚果壳","2"
"5116","巴旦木壳","2"
"5117","松子壳","2"
"5118","开心果壳","2"
"5120","杏核","2"
"5121","李子核","2"
"5122","桃核","2"
"5123","橄榄核","2"
"5124","话梅核","2"
"5125","樱桃核","2"
"5126","枣核","2"
"5127","枇杷核","3"
"5128","生蚝壳","2"
"5130","扇贝壳","2"
"5131","蛤蜊壳","2"
"5132","蛏子壳","2"
"5133","贻贝壳","2"
"5134","淡菜壳","2"
"5135","海螺壳","2"
"5138","螺蛳壳","2"
"5139","田螺壳","2"
"5140","蟹壳(特硬)","2"
"5141","龙虾壳(特硬)","2"
"5142","帝王蟹壳","2"
"5145","玉米皮","2"
"5147","甘蔗渣","2"
"5148","笋壳","2"
"5160","收银小票","2"
"5161","热敏纸","2"
"5162","电影票","2"
"5163","彩票","2"
"5164","复写纸","2"
"5165","硫酸纸","2"
"5166","照片","2"
"5167","胶卷","2"
"5168","底片","2"
"5170","不干胶贴","2"
"5172","N次贴","2"
"5173","标签纸","2"
"5177","封箱带","2"
"5178","绝缘胶布","2"
"5179","泡沫胶","2"
"5180","修正带","2"
"5181","涂改液干块","2"
"5182","橡皮擦","2"
"5183","橡皮屑","2"
"5185","旧印章","2"
"5186","水彩笔(干)","2"
"5187","记号笔(干)","2"
"5188","圆珠笔芯","2"
"5189","中性笔芯","2"
"5190","铅笔头","2"
"5191","蜡笔","2"
"5193","粉笔头","2"
"5194","油画棒","2"
"5195","颜料管(空)","2"
"5196","调色盘(脏)","2"
"5197","画笔(脏)","2"
"5198","塑封膜","2"
"5199","防伪标签","2"
"5210","灰尘","2"
"5211","扫地灰","2"
"5212","吸尘器尘袋","2"
"5214","动物毛发","2"
"5215","猫毛","2"
"5216","狗毛","2"
"5217","猫砂(膨润土)","2"
"5218","猫屎(包裹)","2"
"5219","狗屎(包裹)","2"
"5220","宠物尿垫","2"
"5221","仓鼠垫料","2"
"5222","木屑","2"
"5223","烟头渣","2"
"5224","蚊香灰","2"
"5225","香灰","2"
"5226","蜡烛油","2"
"5227","破损垃圾袋","2"
"5228","污损塑料盆","2"
"5229","破花盆","2"
"5230","陶瓷花盆","2"
"5231","紫砂壶碎片","2"
"5232","泥土","2"
"5233","培植土","2"
"5234","营养土","2"
"5235","鹅卵石","2"
"5236","枯枝","2"
"5237","落叶(少量)","2"
"5238","修剪的树枝","2"
"5239","假花","2"
"5240","人造植物","2"
"5241","塑料花","2"
"5242","干花","3"
"5243","永生花","2"
"5244","圣诞树装饰","2"
"5260","破碎的碗","2"
"5261","碎瓷片","2"
"5262","破盘子","2"
"5263","破陶瓷杯","2"
"5264","破瓦片","2"
"5265","砖块","2"
"5266","瓷砖","2"
"5267","水泥块","2"
"5268","石膏碎片","2"
"5269","陶土","2"
"5270","破碎的镜子","2"
"5271","镜子碎片","2"
"5272","钢化玻璃碎","2"
"5273","车窗玻璃碎","2"
"5275","墨镜","2"
"5276","太阳镜","2"
"5278","老花镜","2"
"5279","旧雨伞","2"
"5280","遮阳伞","2"
"5282","一次性雨衣","2"
"5283","雨披","2"
"5284","鞋套","2"
"5285","安全帽","1"
"5300","旧内衣","2"
"5301","旧内裤","2"
"5302","破袜子","2"
"5304","脏抹布","2"
"5305","洗碗布","2"
"5306","百洁布","2"
"5308","清洁海绵","2"
"5309","魔术擦","2"
"5310","旧毛巾(脏)","2"
"5311","地垫","2"
"5312","脚垫","2"
"5313","地毯","2"
"5314","拖把头","2"
"5315","旧拖鞋(塑料/胶)","2"
"5316","橡胶手套","2"
"5317","一次性手套(乳胶)","2"
"5318","指套","2"
"5321","皮筋","2"
"5322","头绳","2"
"5323","发卡","2"
"5324","发箍","2"
"5325","洗澡鸭(橡胶)","2"
"5340","打火机(一次性已用尽)","2"
"5341","钥匙扣","2"
"5342","手机壳(硅胶/混合)","2"
"5343","数据线保护套","2"
"5344","防撞角","2"
"5345","桌脚垫","2"
"5346","快递袋","2"
"5347","气泡膜","2"
"5348","泡沫填充物(碎)","2"
"5349","网购冰袋","2"
"5350","吸管包装纸","2"
"5351","酸奶吸管","2"
"5352","方便面叉子","2"
"5353","八宝粥勺子","2"
"5354","果冻勺","2"
"5355","糖纸","2"
"5356","糖果包装","2"
"5357","零食包装袋(脏)","2"
"5358","薯片袋","2"
"5359","饼干袋","2"
"5360","真空包装袋","1"
"5361","干燥花瓣","2"
"5363","薰衣草袋","2"
"5364","旧钱包(人造革)","2"
"5365","旧皮带(人造革)","2"
"5366","行李牌","2"
"5367","胸牌","2"
"5368","挂绳","2"
"5369","奖牌","2"
"5370","奖杯(树脂)","2"
"6001","旧报纸","1"
"6002","旧杂志","1"
"6003","旧书","1"
"6005","信封","1"
"6006","档案袋","1"
"6007","硬纸板","1"
"6008","快递纸箱","1"
"6009","鞋盒","1"
"6010","牛奶盒(利乐包)","1"
"6011","饮料纸盒","1"
"6012","打印纸","1"
"6013","复印纸","1"
"6014","传真纸(非热敏)","1"
"6015","牛皮纸","1"
"6017","挂历","1"
"6018","台历","1"
"6020","记事本","1"
"6021","素描纸","1"
"6022","水彩纸","1"
"6024","教科书","1"
"6025","辅导书","1"
"6026","词典","1"
"6027","地图","1"
"6028","海报","1"
"6029","纸质手提袋","1"
"6030","药盒(空)","1"
"6031","牙膏盒","1"
"6032","化妆品盒(纸质)","1"
"6033","茶盒","1"
"6034","酒盒(纸质)","1"
"6035","月饼盒(纸质)","1"
"6036","礼品盒","1"
"6037","便签纸","1"
"6038","画册","1"
"6039","相册","1"
"6040","明信片","1"
"6041","卡片","1"
"6042","纸质文件夹","1"
"6043","卷纸芯","1"
"6044","保鲜膜纸芯","1"
"6045","清洁净纸盒","1"
"6046","麦片盒","1"
"6047","饼干盒(纸质)","1"
"6048","披萨盒(干净)","1"
"6049","蛋糕盒(纸质)","1"
"6050","鸡蛋托(纸质)","1"
"6051","纸杯(干净)","1"
"6052","纸质餐具(干净)","1"
"6053","办公废纸","1"
"6054","碎纸机纸屑","1"
"6055","说明书","1"
"6056","保修卡","1"
"6057","合格证","1"
"6058","吊牌","1"
"6059","书皮(纸质)","1"
"6060","练习本","1"
"6061","作业本","1"
"6062","试卷","1"
"6063","绘本","1"
"6064","连环画","1"
"6066","字典","1"
"6067","各色卡纸","1"
"6068","瓦楞纸","1"
"6069","蜂窝纸","1"
"6070","纸浆模塑","1"
"6071","纸筒","1"
"6072","纸管","1"
"6073","纸板箱","1"
"6074","电器包装盒","1"
"6075","手机包装盒","1"
"6076","玩具包装盒","1"
"6077","水果包装箱","1"
"6078","宣传画册","1"
"6079","公司样本","1"
"6080","产品目录","1"
"6102","纯净水瓶","1"
"6104","雪碧瓶","1"
"6105","芬达瓶","1"
"6106","果汁瓶","1"
"6107","茶饮料瓶","1"
"6108","功能饮料瓶","1"
"6109","酸奶瓶(洗净)","1"
"6110","牛奶瓶(塑料)","1"
"6111","食用油桶","1"
"6112","酱油壶","1"
"6113","醋壶","1"
"6114","料酒壶","1"
"6115","洗发水瓶","1"
"6120","柔顺剂瓶","1"
"6121","消毒液瓶(空)","1"
"6122","洁厕灵瓶(空)","1"
"6123","化妆水瓶(塑料)","1"
"6124","乳液瓶(塑料)","1"
"6125","面霜罐(塑料)","1"
"6126","塑料脸盆","1"
"6127","塑料水桶","1"
"6128","塑料垃圾桶","1"
"6130","塑料整理箱","1"
"6131","塑料抽屉","1"
"6132","塑料凳子","1"
"6133","塑料椅子","1"
"6134","塑料桌子","1"
"6136","塑料夹子","1"
"6137","塑料挂钩","1"
"6138","塑料皂盒","1"
"6139","塑料牙刷杯","1"
"6140","塑料菜板","1"
"6141","塑料沥水篮","1"
"6142","塑料菜篮子","1"
"6143","塑料水果盘","1"
"6144","塑料托盘","1"
"6145","塑料保鲜盒","1"
"6146","乐扣盒","1"
"6147","特百惠杯","1"
"6148","太空杯","1"
"6149","运动水壶","1"
"6150","摇摇杯","1"
"6151","塑料积木","1"
"6152","乐高玩具","1"
"6153","塑料模型","1"
"6154","塑料玩偶","1"
"6155","塑料汽车","1"
"6156","塑料海洋球","1"
"6157","泡沫塑料(白色)","1"
"6159","水果网套","2"
"6160","气泡膜(干净)","1"
"6161","塑料包装袋(干净)","1"
"6162","密实袋(干净)","1"
"6163","自封袋(干净)","1"
"6164","购物袋(干净)","1"
"6165","文件袋(塑料)","1"
"6166","文件夹(塑料)","1"
"6167","档案盒(塑料)","1"
"6168","光盘盒","1"
"6169","录像带盒","1"
"6170","磁带盒","1"
"6171","亚克力板","1"
"6172","有机玻璃","1"
"6173","PVC管","1"
"6174","PPR管","1"
"6175","塑料波纹管","1"
"6176","塑料线槽","1"
"6177","安全帽(塑料)","1"
"6178","塑料花盆","1"
"6179","塑料底托","1"
"6180","塑料洒水壶","1"
"6181","塑料铲子","1"
"6182","塑料扇子","1"
"6183","塑料尺子","1"
"6184","三角板","1"
"6185","量角器","1"
"6186","笔筒(塑料)","1"
"6187","笔盒(塑料)","1"
"6188","鼠标垫(塑料面)","1"
"6189","键盘膜","1"
"6190","手机壳(硬塑)","1"
"6201","可乐罐","1"
"6202","啤酒罐","1"
"6203","雪碧罐","1"
"6204","红牛罐","1"
"6205","八宝粥罐","1"
"6206","水果罐头盒","1"
"6207","午餐肉罐头盒","1"
"6208","金枪鱼罐头盒","1"
"6209","奶粉罐","1"
"6210","茶叶罐","1"
"6211","饼干铁盒","1"
"6212","糖果铁盒","1"
"6213","巧克力铁盒","1"
"6214","月饼铁盒","1"
"6215","保健品铁盒","1"
"6216","首饰盒(金属)","1"
"6217","文具盒(金属)","1"
"6221","煎锅","1"
"6222","奶锅","1"
"6223","高压锅","1"
"6224","蒸锅","1"
"6225","汤锅","1"
"6226","不锈钢盆","1"
"6227","不锈钢碗","1"
"6228","不锈钢盘","1"
"6229","不锈钢杯","1"
"6232","运动水壶(金属)","1"
"6233","金属筷子","1"
"6234","金属勺子","1"
"6235","金属叉子","1"
"6241","刮皮刀","1"
"6242","开瓶器","1"
"6243","锅铲","1"
"6244","汤勺","2"
"6245","漏勺","1"
"6246","打蛋器","1"
"6247","烧烤架","1"
"6250","窗帘杆","1"
"6253","锁具","1"
"6254","门把手","1"
"6255","合页","1"
"6256","插销","1"
"6258","螺母","1"
"6259","螺栓","1"
"6260","垫片","1"
"6261","铁钉","1"
"6262","图钉","1"
"6264","大头针","1"
"6265","订书钉","1"
"6266","长尾夹","1"
"6268","铜丝","1"
"6269","铝线","1"
"6270","电线(去皮)","1"
"6271","电缆","1"
"6272","水龙头","1"
"6273","花洒头","1"
"6274","下水管(金属)","1"
"6275","三角阀","1"
"6276","金属软管","1"
"6277","暖气片","1"
"6278","金属工具箱","1"
"6280","钳子","1"
"6281","扳手","1"
"6283","锯条","1"
"6286","金属花架","1"
"6287","金属置物架","1"
"6288","自行车架","1"
"6289","滑板车(金属部分)","1"
"6290","轮毂","1"
"6291","废铁","1"
"6292","废铜","1"
"6293","废铝","1"
"6294","废钢","1"
"6295","不锈钢废料","1"
"6296","锌合金","1"
"6297","铝合金窗框","1"
"6298","防盗网切段","1"
"6299","金属奖杯","1"
"6300","金属奖牌","1"
"6304","白酒瓶","1"
"6305","黄酒瓶","1"
"6306","洋酒瓶","1"
"6307","香槟瓶","1"
"6309","醋瓶","1"
"6310","麻油瓶","1"
"6311","橄榄油瓶","1"
"6312","果酱瓶","1"
"6313","酱菜瓶","1"
"6314","蜂蜜瓶","1"
"6315","辣椒酱瓶","1"
"6316","咖啡罐(玻璃)","1"
"6317","燕窝瓶","1"
"6318","保健品瓶(玻璃)","1"
"6319","药瓶(玻璃空瓶)","1"
"6320","输液瓶(玻璃)","1"
"6321","化妆品瓶(玻璃)","1"
"6322","香水瓶(玻璃)","1"
"6323","精油瓶","1"
"6324","指甲油瓶(洗净)","1"
"6326","高脚杯","1"
"6328","白酒杯","1"
"6329","威士忌杯","1"
"6330","啤酒杯","1"
"6331","马克杯(玻璃)","1"
"6332","茶杯(玻璃)","1"
"6333","玻璃碗","1"
"6334","玻璃盘","1"
"6335","玻璃碟","1"
"6336","玻璃锅盖","1"
"6337","玻璃饭盒","1"
"6338","保鲜盒(玻璃)","1"
"6339","玻璃水壶","1"
"6340","冷水壶","1"
"6341","玻璃茶壶","1"
"6343","窗户玻璃","1"
"6344","玻璃台面","1"
"6345","玻璃茶几面","1"
"6346","玻璃隔断","1"
"6347","玻璃门","1"
"6348","镜子(无边框)","1"
"6349","穿衣镜","1"
"6350","化妆镜","1"
"6352","鱼缸","1"
"6353","玻璃工艺品","1"
"6354","玻璃摆件","1"
"6355","玻璃烛台","1"
"6356","玻璃烟灰缸","1"
"6357","玻璃灯罩","1"
"6358","放大镜片","1"
"6359","望远镜片","1"
"6360","显微镜片","1"
"6380","旧衣服","1"
"6382","衬衫","1"
"6383","Polo衫","1"
"6384","卫衣","1"
"6386","针织衫","1"
"6387","外套","1"
"6388","夹克","1"
"6389","西装","1"
"6392","羽绒服","1"
"6394","马甲","1"
"6395","背心","1"
"6396","皮衣","1"
"6399","休闲裤","1"
"6400","西裤","1"
"6401","运动裤","1"
"6402","短裤","2"
"6404","连衣裙","1"
"6405","半身裙","1"
"6406","校服","1"
"6407","工作服","1"
"6408","睡衣","1"
"6409","浴袍","1"
"6410","家居服","1"
"6411","秋衣","1"
"6413","保暖内衣","1"
"6415","丝巾","1"
"6416","披肩","1"
"6417","手套(棉毛)","1"
"6419","棒球帽","1"
"6420","针织帽","1"
"6424","床笠","1"
"6425","床罩","1"
"6428","羽绒被","1"
"6430","毛毯","1"
"6431","绒毯","1"
"6432","枕头(干净)","1"
"6433","抱枕","1"
"6434","靠垫","1"
"6435","坐垫","1"
"6436","窗帘","1"
"6437","纱窗帘","1"
"6438","台布","1"
"6439","桌布","1"
"6440","毛巾","2"
"6441","浴巾","1"
"6442","干发帽","1"
"6443","手帕","1"
"6445","皮鞋","1"
"6446","运动鞋","1"
"6448","休闲鞋","1"
"6451","靴子","1"
"6452","童鞋","1"
"6455","背包","1"
"6456","手提包","1"
"6457","单肩包","1"
"6458","钱包","1"
"6459","卡包","1"
"6460","电脑包","1"
"6461","公文包","1"
"6462","行李箱","1"
"6463","拉杆箱","1"
"6465","无纺布袋","1"
"6466","环保袋","1"
"6481","台式机主机","1"
"6488","音箱","1"
"6489","麦克风","1"
"6490","摄像头","1"
"6491","路由器","1"
"6492","调制解调器","1"
"6493","交换机","1"
"6494","机顶盒","1"
"6497","复印机","1"
"6501","电话机","1"
"6502","对讲机","1"
"6505","电源线","1"
"6509","移动硬盘","1"
"6510","读卡器","1"
"6513","数码相框","1"
"6514","收音机","1"
"6515","录音笔","1"
"6516","MP3播放器","1"
"6517","游戏机","1"
"6518","游戏手柄","1"
"6519","电子手表","1"
"6520","电子钟","1"
"6521","计算器","1"
"6525","转换插头","1"
"6526","电视机","1"
"6530","干衣机","1"
"6531","空调挂机","1"
"6532","空调柜机","1"
"6534","换气扇","1"
"6535","空气净化器","1"
"6536","加湿器","1"
"6537","除湿机","1"
"6539","扫地机器人","1"
"6540","电熨斗","1"
"6541","挂烫机","1"
"6542","电吹风","1"
"6544","剃须刀(电动)","1"
"6545","理发器","1"
"6546","美容仪","1"
"6547","洁面仪","1"
"6548","电动牙刷主机","1"
"6549","按摩仪","1"
"6550","足浴盆","1"
"6552","电压力锅","1"
"6556","空气炸锅","1"
"6557","面包机","1"
"6560","破壁机","1"
"6562","电水壶","1"
"6563","养生壶","1"
"6565","净水器","1"
"6566","酸奶机","1"
"6567","煮蛋器","1"
"6568","电饼铛","1"
"6569","料理机","1"
"6570","打蛋器(电动)","1"
"6572","消毒柜","1"
"6573","洗碗机","1"
"6574","油烟机","1"
"6575","燃气灶","1"
"6578","取暖器","1"
"6579","电热毯","1"
"7002","山核桃壳","2"
"7009","杏仁壳","2"
"7010","白果壳","2"
"7011","板栗壳","3"
"7017","龙眼核","2"
"7018","荔枝核","3"
"7019","芒果核","2"
"7020","牛油果核","2"
"7028","杨梅核","2"
"7030","山楂核","2"
"7031","海红果核","2"
"7033","槟榔壳","2"
"7036","玉米棒","2"
"7037","玉米芯","2"
"7040","竹筒","2"
"7041","竹壳","2"
"7051","猪腿骨","2"
"7052","猪筒骨","2"
"7053","猪扇骨","2"
"7054","猪脊骨","2"
"7055","猪蹄骨","2"
"7057","牛腿骨","2"
"7058","牛排骨(大)","2"
"7059","牛尾骨","2"
"7060","羊骨头","2"
"7061","羊蝎子骨","2"
"7062","羊腿骨","2"
"7063","鸡腿骨(硬)","2"
"7064","鸭腿骨(硬)","2"
"7065","鹅腿骨","2"
"7072","花蛤壳","2"
"7076","海虹壳","2"
"7077","毛蚶壳","2"
"7078","血蚶壳","2"
"7079","鸟蛤壳","2"
"7080","北极贝壳","2"
"7081","象拔蚌壳","2"
"7084","蜗牛壳","2"
"7087","面包蟹壳","2"
"7088","梭子蟹壳","2"
"7089","大闸蟹壳","3"
"7090","青蟹壳","2"
"7091","小龙虾壳","3"
"7092","波士顿龙虾壳","2"
"7093","澳龙壳","2"
"7094","皮皮虾壳","3"
"7095","基围虾壳","3"
"7096","对虾壳","3"
"7097","河虾壳","3"
"7098","甲鱼壳","2"
"7099","乌龟壳","2"
"7110","脏卫生纸","2"
"7111","用过的餐巾纸","2"
"7112","脏污面巾纸","2"
"7113","擦鼻涕纸","2"
"7114","擦手纸","2"
"7115","厨房吸油纸","2"
"7117","消毒湿巾","2"
"7118","婴儿湿巾","2"
"7119","卸妆湿巾","2"
"7120","厕所用纸","2"
"7122","购物小票","2"
"7123","ATM凭条","2"
"7126","飞机登机牌","2"
"7128","刮刮乐","2"
"7131","无碳复写纸","2"
"7134","传真纸","2"
"7136","便签纸","1"
"7137","不干胶底纸","2"
"7143","封箱胶带","2"
"7144","美纹纸胶带","2"
"7146","电工胶带","2"
"7147","警示胶带","2"
"7148","脏的一次性纸杯","2"
"7149","脏的一次性纸盘","2"
"7150","脏的一次性纸碗","2"
"7151","蛋糕托盘","2"
"7152","蛋糕围边","2"
"7153","烘焙油纸","2"
"7155","铝箔纸","2"
"7156","烧烤锡纸","2"
"7157","铝箔餐盒","2"
"7158","方便面桶","2"
"7159","方便面盖","2"
"7160","外卖餐盒(严重污染)","2"
"7162","虾条袋","2"
"7163","饼干包装袋","2"
"7164","糖果包装纸","2"
"7165","巧克力包装纸","2"
"7166","口香糖包装纸","2"
"7167","冰淇淋包装袋","2"
"7168","辣条包装袋","2"
"7169","瓜子袋","2"
"7170","坚果袋","2"
"7172","食品防潮袋","2"
"7177","保鲜剂","2"
"7179","干冰袋","2"
"7180","注水冰袋","2"
"7182","污损塑料袋","2"
"7183","脏垃圾袋","2"
"7184","用过的保鲜膜","2"
"7185","用过的保鲜袋","2"
"7186","奶茶杯(含残留)","2"
"7187","咖啡杯(含残留)","2"
"7190","塑料吸管","2"
"7191","纸吸管","2"
"7202","拉拉裤","2"
"7204","隔尿垫","2"
"7208","安睡裤","2"
"7209","月经杯","2"
"7212","润滑剂包装","2"
"7214","医用棉签","2"
"7215","化妆棉签","2"
"7219","竹牙签","2"
"7220","木牙签","2"
"7221","塑料牙签","2"
"7224","N95口罩","2"
"7226","活性炭口罩","2"
"7227","棉布口罩","2"
"7228","海绵口罩","2"
"7229","眼罩","2"
"7230","蒸汽眼罩","2"
"7232","海绵耳塞","2"
"7233","硅胶耳塞","2"
"7235","绷带","2"
"7236","纱布","2"
"7237","医用胶带","2"
"7238","膏药贴","2"
"7240","暖宝宝","2"
"7241","暖宫贴","2"
"7243","艾灸贴","2"
"7244","驱蚊贴","2"
"7246","黑头贴","2"
"7250","睫毛胶水","2"
"7251","美甲片","2"
"7252","卸甲巾","2"
"7253","分指器","2"
"7254","搓条","2"
"7257","日抛镜片","2"
"7258","隐形眼镜盒","2"
"7260","一次性毛巾","2"
"7261","一次性浴巾","2"
"7262","一次性内裤","2"
"7263","一次性马桶垫","2"
"7264","压缩毛巾","2"
"7268","气垫粉扑","2"
"7270","海绵扑","2"
"7271","化妆刷(旧)","2"
"7272","眉笔(用尽)","2"
"7273","眼线笔(用尽)","2"
"7274","面膜纸","2"
"7276","剃须刀片","2"
"7277","一次性剃须刀","2"
"7278","刮毛刀","2"
"7281","电动牙刷头","2"
"7282","牙缝刷","2"
"7283","舌苔刷","2"
"7284","沐浴球","2"
"7286","搓背刷","2"
"7287","丝瓜络","3"
"7288","浮石","3"
"7289","磨脚石","2"
"7300","坏钢笔","2"
"7301","坏圆珠笔","2"
"7302","坏中性笔","2"
"7304","自动铅笔(坏)","2"
"7307","马克笔(干)","2"
"7308","荧光笔(干)","2"
"7309","白板笔(干)","2"
"7314","炭笔","2"
"7315","毛笔(旧)","2"
"7316","笔芯","2"
"7319","笔囊","2"
"7320","墨水胆","2"
"7323","修正液(干)","2"
"7325","涂改液","4"
"7326","胶水瓶(含残留)","2"
"7327","固体胶(空管)","2"
"7329","印台","2"
"7330","光敏印章","2"
"7331","原子印章","2"
"7332","回形针(包塑)","2"
"7333","大头针","1"
"7334","图钉","1"
"7335","订书钉(生锈)","2"
"7336","文件袋(破损)","2"
"7337","文件夹(破损)","2"
"7338","板擦","2"
"7340","白板擦","2"
"7341","鼠标垫(破损)","2"
"7342","键盘膜(破损)","2"
"7343","书皮(塑料)","2"
"7344","包书纸","2"
"7345","画板(破损)","2"
"7347","颜料管(干结)","2"
"7348","颜料盒(脏)","2"
"7349","洗笔筒","2"
"7351","覆膜纸","2"
"7352","相片纸(污损)","2"
"7361","破碗","2"
"7363","破碟子","2"
"7364","破勺子(陶瓷)","2"
"7365","破杯子(陶瓷)","2"
"7366","破马克杯","2"
"7367","破茶壶","2"
"7368","破茶杯","2"
"7369","破盖碗","2"
"7370","破砂锅","2"
"7371","破瓦罐","2"
"7372","破花瓶(陶瓷)","2"
"7373","破花盆(陶瓷)","2"
"7375","陶土罐","2"
"7376","瓷砖碎片","2"
"7377","马赛克砖","2"
"7379","红砖","2"
"7380","青砖","2"
"7382","混凝土块","2"
"7383","石膏块","2"
"7384","腻子粉块","2"
"7385","碎玻璃","1"
"7386","碎镜子","2"
"7387","碎穿衣镜","2"
"7388","碎化妆镜","2"
"7389","钢化玻璃碎渣","2"
"7390","挡风玻璃碎片","2"
"7391","门窗玻璃碎","2"
"7392","玻璃胶条","2"
"7393","鱼缸碎片","2"
"7394","灯泡(普通)","2"
"7395","钨丝灯泡","2"
"7396","LED灯珠","2"
"7397","车灯罩","2"
"7416","檀香灰","2"
"7419","生日蜡烛","2"
"7420","酥油灯","2"
"7422","扫地土","2"
"7423","吸尘器尘絮","2"
"7424","空调滤网灰","2"
"7425","烘干机绒毛","2"
"7427","理发碎发","2"
"7429","脚趾甲","2"
"7430","死皮","2"
"7432","旧抹布","2"
"7433","油抹布","2"
"7437","海绵擦","2"
"7439","纳米海绵","2"
"7440","鞋擦","2"
"7441","拖把头(旧)","2"
"7442","棉纱拖把头","2"
"7443","海绵拖把头","2"
"7444","扫把毛","2"
"7445","马桶刷","2"
"7446","地垫(脏)","2"
"7447","进门脚垫","2"
"7448","浴室防滑垫","2"
"7449","地毯碎片","2"
"7451","折叠伞","2"
"7452","长柄伞","2"
"7459","塑料鞋套","2"
"7460","无纺布鞋套","2"
"7461","打火机(一次性)","2"
"7462","防风打火机","2"
"7463","点火器","2"
"7465","火柴盒","2"
"7469","工作证套","2"
"7471","手机壳(硅胶)","2"
"7472","手机壳(皮质)","2"
"7473","手机膜(旧)","2"
"7474","钢化膜(碎)","2"
"7475","手机支架(坏)","2"
"7476","气囊支架","2"
"7477","耳机套","2"
"7479","绕线器","2"
"7480","桌角防撞垫","2"
"7481","椅子脚垫","2"
"7482","防滑贴","2"
"7483","魔术贴","2"
"7484","尼龙搭扣","2"
"7485","拉链头","2"
"7486","纽扣","1"
"7487","扣子","2"
"7488","针线盒(乱)","2"
"7489","顶针","2"
"7501","膨润土猫砂","2"
"7502","豆腐猫砂","2"
"7503","水晶猫砂","2"
"7504","松木猫砂","2"
"7505","纸猫砂","2"
"7506","猫屎","3"
"7508","宠物粪便","2"
"7510","尿不湿(宠物用)","2"
"7513","刨花","2"
"7514","玉米芯垫料","2"
"7515","纸棉","2"
"7516","浴沙","2"
"7517","猫抓板","2"
"7518","逗猫棒","2"
"7519","咬胶","2"
"7520","磨牙棒","2"
"7521","宠物玩具(破损)","2"
"7522","宠物毛发","2"
"7525","鸟羽毛","2"
"7527","枯叶","2"
"7528","落叶","2"
"7529","树枝(修剪)","2"
"7530","杂草","2"
"7531","败花","2"
"7532","残花","2"
"7533","凋谢的花","2"
"7534","鲜花包装纸","2"
"7535","花泥","2"
"7538","泥炭土","2"
"7539","蛭石","2"
"7540","珍珠岩","2"
"7541","陶粒","2"
"7543","铺面石","2"
"7544","肥料袋","2"
"7546","仿真花","2"
"7548","绢花","2"
"8183","废弃注射器","4"
"8184","废弃针头","4"
"8186","使用过的输液瓶(含药)","4"
"8188","胰岛素笔针头","4"
"8189","化学污染的棉签","4"
"8190","化学污染的纱布","4"
"8191","废弃造口袋","4"
"8192","废弃导尿管","4"
"8193","牙科汞齐废料","4"
"8195","过期妊娠试纸","4"
"8196","废弃血糖试纸","4"
"8197","中药渣(含重金属)","4"
"8198","熬药罐(含残留)","4"
"8199","药瓶(含残留)","4"
"8202","废铅酸电池","4"
"8204","电动车电瓶","4"
"8205","摩托车电瓶","4"
"8206","UPS电源电池","4"
"8208","手表电池","4"
"8209","计算器电池","4"
"8211","主板BIOS电池","4"
"8212","锂离子电池","4"
"8214","笔记本电池","4"
"8216","相机电池","4"
"8217","摄像机电池","4"
"8218","充电宝电芯","4"
"8219","18650锂电池","4"
"8220","聚合物锂电池","4"
"8221","镍氢电池","4"
"8222","充电电池","4"
"8224","遥控器电池(旧式)","4"
"8225","玩具车电池组","4"
"8226","无人机电池","4"
"8228","太阳能蓄电池","4"
"8229","应急灯电池","4"
"8230","剃须刀内置电池","4"
"8231","电动牙刷电池","4"
"8232","蓝牙耳机电池","4"
"8233","智能手环电池","4"
"8234","鼓包的电池","4"
"8235","漏液的电池","4"
"8236","生锈的电池","4"
"8237","手机锂电池","4"
"8238","对讲机电池","4"
"8239","无绳电话电池","4"
"8251","直管荧光灯","4"
"8252","环形荧光灯","4"
"8253","U型荧光灯","4"
"8254","紧凑型荧光灯","4"
"8256","螺旋节能灯","4"
"8257","莲花节能灯","4"
"8262","金卤灯","4"
"8264","消毒灯管","4"
"8265","杀菌灯","4"
"8268","广告灯箱灯管","4"
"8270","汽车氙气灯","4"
"8271","大灯灯泡(含汞)","4"
"8272","舞台灯泡","4"
"8274","诱蚊灯管","4"
"8275","灭蝇灯管","4"
"8278","验钞灯管","4"
"8280","破碎的灯管","4"
"8281","医用无影灯","4"
"8282","冷阴极荧光灯","4"
"8283","CCFL灯管","4"
"8285","CRT显示器","4"
"8286","液晶屏背光灯","4"
"8287","含汞灯具","4"
"8288","碘钨灯管","4"
"8289","钠灯","4"
"8301","气雾杀虫剂","4"
"8302","雷达杀虫剂","4"
"8303","必扑杀虫剂","4"
"8304","枪手杀虫剂","4"
"8305","蚊香液瓶","4"
"8306","电蚊香液","4"
"8307","电蚊香片(废弃)","4"
"8308","蚊香片","4"
"8309","驱蚊水(含农药)","4"
"8310","花露水(含农药)","4"
"8312","杀蟑胶饵","4"
"8314","蟑螂粉","4"
"8315","蟑螂笔","4"
"8318","鼠药颗粒","4"
"8319","溴敌隆","4"
"8321","杀蚁饵剂","4"
"8324","虱子药","4"
"8326","草甘膦","4"
"8329","多菌灵","4"
"8330","甲基托布津","4"
"8331","百菌清","4"
"8333","花卉药水","4"
"8334","护花神","4"
"8335","吡虫啉","4"
"8336","啶虫脒","4"
"8337","阿维菌素","4"
"8339","敌百虫","4"
"8340","氧化乐果","4"
"8341","农药空瓶","4"
"8342","农药包装袋","4"
"8345","臭丸","4"
"8346","对二氯苯","4"
"8348","红火蚁药","4"
"8361","次氯酸钠","4"
"8362","漂白水","4"
"8365","洁厕液","4"
"8366","厕所除垢剂","4"
"8367","盐酸清洁剂","4"
"8369","管道疏通颗粒","4"
"8371","液态通渠剂","4"
"8372","强力去油剂","4"
"8373","油烟机清洗剂","4"
"8374","重油污清洁剂","4"
"8377","火碱","4"
"8378","氢氧化钠","4"
"8380","墙体除霉剂","4"
"8383","强酸清洁剂","4"
"8384","强碱清洁剂","4"
"8386","地板光亮剂","4"
"8387","家具蜡","4"
"8388","皮革护理剂","4"
"8389","真皮清洁剂","4"
"8391","液体鞋油","4"
"8393","衣物除渍剂","4"
"8395","自动喷香机罐","4"
"8396","消毒喷雾","4"
"8397","免洗洗手液(含醇)","4"
"8398","过氧乙酸","4"
"8399","来苏水","4"
"8411","废弃指甲油","4"
"8412","过期指甲油","4"
"8413","甲油胶","4"
"8415","卸甲水","4"
"8417","指甲稀释剂","4"
"8420","染发霜","4"
"8421","双氧奶","4"
"8422","烫发水","4"
"8423","冷烫精","4"
"8424","软化剂","4"
"8425","定型发胶","4"
"8426","发胶喷雾","4"
"8427","摩丝罐","4"
"8428","止汗喷雾","4"
"8429","防晒喷雾","4"
"8430","保湿喷雾(压力罐)","4"
"8432","脱毛蜡纸","4"
"8434","精油瓶(含残留)","4"
"8435","过期化妆水","4"
"8436","过期乳液","4"
"8437","过期精华液","4"
"8438","过期面霜","4"
"8439","过期眼霜","4"
"8440","过期粉底液","4"
"8441","过期隔离霜","4"
"8442","过期BB霜","4"
"8443","过期口红","4"
"8444","过期唇釉","4"
"8445","过期睫毛膏","4"
"8446","过期眼线液","4"
"8447","假睫毛胶水","4"
"8448","双眼皮胶水","4"
"8449","美甲贴片胶","4"
"8461","油漆桶","4"
"8462","乳胶漆","4"
"8471","喷漆罐","4"
"8477","松节油","4"
"8480","去渍油","4"
"8481","白电油","4"
"8483","甲苯","4"
"8484","二甲苯","4"
"8485","装修胶水","4"
"8489","101胶水","4"
"8491","哥俩好胶","4"
"8493","发泡胶","4"
"8494","发泡剂","4"
"8497","免钉胶","4"
"8499","木工胶","4"
"8500","瓷砖胶","4"
"8504","防水胶","4"
"8505","堵漏王","4"
"8507","腻子膏","4"
"8508","光油","4"
"8512","光触媒喷剂","4"
"8513","废弃油漆刷","4"
"8514","废弃滚筒刷","4"
"8515","沾染油漆的手套","4"
"8516","沾染油漆的报纸","4"
"8517","沾染稀释剂的抹布","4"
"8518","石棉废料","4"
"8519","玻璃棉","4"
"8533","机油格","4"
"8535","制动液","4"
"8539","润滑脂","4"
"8540","工业黄油(润滑脂)","4"
"8542","冷却液","4"
"8543","玻璃水(含化学)","4"
"8549","发动机内部清洗剂","4"
"8550","积碳清除剂","4"
"8552","柏油清洗剂","4"
"8555","不干胶去除剂","4"
"8556","粘胶去除剂","4"
"8558","表板蜡","4"
"8559","内饰清洁剂","4"
"8560","汽车镀晶液","4"
"8561","车漆修补笔","4"
"8563","汽车喷漆","4"
"8565","电解液","4"
"8566","汽车保险丝","4"
"8567","废弃火花塞","4"
"8569","废冷却液","4"
"8581","废墨盒","4"
"8582","硒鼓","4"
"8583","废硒鼓","4"
"8587","色带架","4"
"8589","打印头清洗液","4"
"8590","修正液","4"
"8595","漂白定影液","4"
"8598","X光片","4"
"8599","CT片","4"
"8601","屏幕清洁剂(含醇)","4"
"8603","电子触点清洁剂","4"
"8605","松香块","4"
"8606","焊锡丝(含铅)","4"
"8609","PCB清洗剂","4"
"8612","绝缘漆","4"
"8613","三防漆","4"
"8614","UV胶","4"
"8616","螺纹紧固胶","4"
"8618","快干胶","4"
"8631","化学废液","4"
"8632","实验废液","4"
"8633","酸性废液","4"
"8634","碱性废液","4"
"8635","有机溶剂废液","4"
"8636","重金属废液","4"
"8637","含氰废液","4"
"8638","含汞废液","4"
"8639","实验室玻璃器皿(污染)","4"
"8640","烧杯(污染)","4"
"8641","试管(污染)","4"
"8642","滴管(污染)","4"
"8643","量筒(污染)","4"
"8644","PH试纸(污染)","4"
"8645","滤纸(污染)","4"
"8646","硼砂","3"
"8647","硼酸","4"
"8648","砒霜","3"
"8649","信石","3"
"8650","雄黄","3"
"8651","朱砂","4"
"8652","水银","4"
"8653","汞","4"
"8654","硫磺","3"
"8655","胆矾","3"
"8656","硫酸铜","4"
"8658","PP粉","4"
"8661","氧化钙","4"
"8663","乙醇(工业)","4"
"8664","甲醇","4"
"8665","福尔马林","4"
"8666","甲醛溶液","4"
"8667","苯酚","4"
"8668","石炭酸","4"
"8670","双氧水(高浓度)","4"
"8671","硝酸","4"
"8672","盐酸","4"
"8673","硫酸","4"
"8682","水银气压计","4"
"8684","含放射性废料","4"
"8685","离子感烟探测器","4"
"8687","Zippo油","4"
"8689","便携炉气瓶","4"
"8690","卡式炉气罐","4"
"8691","打火机充气瓶","4"
"8692","喷灯气罐","4"
"8693","发胶瓶","4"
"8694","慕斯瓶","4"
"8695","剃须泡瓶","4"
"8696","防晒喷雾瓶","4"
"8697","补水喷雾瓶","4"
"8698","压力罐","4"
"8699","气雾罐","4"
"9001","薯片包装袋","2"
"9002","虾条包装袋","2"
"9003","锅巴包装袋","2"
"9005","海苔包装袋","2"
"9006","瓜子包装袋","2"
"9007","花生包装袋","2"
"9008","蚕豆包装袋","2"
"9009","坚果包装袋","2"
"9010","牛肉干包装袋","2"
"9011","猪肉脯包装袋","2"
"9012","鸭脖包装袋","2"
"9013","鸭翅包装袋","2"
"9014","鸡爪包装袋","2"
"9015","卤蛋包装袋","2"
"9016","火腿肠肠衣","2"
"9017","方便面调料包","2"
"9018","方便面包装袋","2"
"9020","挂面包装纸","2"
"9021","米袋子(编织袋)","2"
"9022","面粉袋","2"
"9023","面包包装袋","2"
"9024","吐司包装扣","2"
"9025","蛋糕包装纸","2"
"9026","三威治包装盒","2"
"9027","汉堡包装纸","2"
"9028","薯条盒","2"
"9029","鸡块盒","2"
"9030","披萨盒(沾油)","2"
"9031","饼干内衬托盘","2"
"9032","月饼托","2"
"9033","巧克力包装锡纸","2"
"9034","棒棒糖纸","2"
"9035","奶糖纸","2"
"9036","口香糖锡纸","2"
"9037","薄荷糖盒(塑料)","2"
"9038","果冻杯","2"
"9039","布丁杯","1"
"9040","酸奶盖","2"
"9041","奶茶杯封口膜","2"
"9042","咖啡杯盖(脏)","2"
"9043","速溶咖啡包装袋","2"
"9044","茶叶包装袋","2"
"9046","中药渣袋","2"
"9047","榨菜包装袋","2"
"9048","咸菜袋","2"
"9050","醋袋","2"
"9051","盐袋","2"
"9052","味精袋","2"
"9053","糖袋","2"
"9054","火锅底料袋","2"
"9055","外卖保温袋","2"
"9056","冰激凌包装纸","2"
"9057","雪糕棍","2"
"9058","冰棍棒","2"
"9059","糖葫芦签","2"
"9060","烤肠签","2"
"9071","脏的一次性塑料杯","2"
"9072","脏的一次性碗","2"
"9073","脏的一次性盘子","2"
"9074","脏的一次性筷子","2"
"9075","脏的一次性勺子","2"
"9076","脏的一次性叉子","2"
"9077","脏的一次性手套","2"
"9078","脏的一次性桌布","2"
"9081","用过的铝箔纸","2"
"9083","用过的吸油纸","2"
"9084","用过的蒸笼纸","2"
"9085","用过的空气炸锅纸","2"
"9086","用过的咖啡滤纸","2"
"9087","用过的豆浆过滤网","2"
"9088","洗碗海绵(旧)","2"
"9089","百洁布(旧)","2"
"9090","钢丝球(生锈)","2"
"9091","抹布(油腻)","2"
"9092","洗碗手套(破损)","2"
"9093","防烫手套(破损)","2"
"9094","围裙(破损油腻)","2"
"9095","袖套(脏)","2"
"9096","厨房湿巾","2"
"9097","懒人抹布(用过)","2"
"9098","吸油棉","2"
"9099","抽油烟机油盒(一次性)","2"
"9100","灶台贴纸","2"
"9101","防油贴纸","2"
"9102","冰箱贴(坏)","2"
"9103","密封夹(坏)","2"
"9104","牙签盒(空脏)","2"
"9105","筷子笼(破)","2"
"9106","沥水篮(破)","2"
"9107","菜板(发霉)","2"
"9108","木锅铲(焦黑)","2"
"9109","竹饭勺(发霉)","2"
"9110","擀面杖(发霉)","2"
"9120","婴儿纸尿裤","2"
"9121","婴儿拉拉裤","2"
"9122","游泳纸尿裤","2"
"9123","成人护理垫","2"
"9124","产妇卫生巾","2"
"9125","夜用卫生巾","2"
"9126","液体卫生巾","2"
"9127","卫生棉条(导管式)","2"
"9128","月经裤","2"
"9129","私处湿巾","2"
"9130","痔疮湿巾","2"
"9131","酒精棉片","2"
"9132","碘伏棉签","2"
"9133","止血贴","2"
"9134","防水创可贴","2"
"9135","医用胶布","2"
"9136","绷带剪下的碎头","2"
"9137","口罩(日常防护)","2"
"9138","儿童口罩","2"
"9139","鼻炎贴","2"
"9140","通气鼻贴","2"
"9141","去黑头鼻贴","2"
"9143","化妆棉(湿敷用)","2"
"9144","洗脸巾(一次性)","2"
"9145","压缩面膜纸","2"
"9146","浴帽(一次性)","2"
"9147","染发耳套","2"
"9148","染发披肩","2"
"9150","剃须刀架","2"
"9151","修眉刀片","2"
"9152","刮毛刀头","2"
"9154","沐浴花","2"
"9156","洗头刷","2"
"9157","肥皂头","2"
"9158","香皂残渣","2"
"9159","起泡网","2"
"9160","牙刷(开花)","2"
"9162","牙线(散装)","2"
"9163","水牙线喷头","2"
"9164","假牙清洁片包装","2"
"9165","隐形眼镜护理盒","2"
"9166","隐形眼镜镊子","2"
"9167","掏耳勺(竹木)","2"
"9168","棉棒","2"
"9169","马桶垫纸","2"
"9180","断水的圆珠笔","2"
"9181","漏墨的中性笔","2"
"9182","笔杆(破损)","2"
"9183","笔帽(破损)","2"
"9184","铅笔屑","2"
"9185","卷笔刀渣","2"
"9186","用完的笔芯","2"
"9187","干枯的记号笔","2"
"9188","没水的荧光笔","2"
"9189","变干的白板笔","2"
"9190","断裂的蜡笔","2"
"9191","油画棒残渣","2"
"9192","粉笔灰","2"
"9194","炭条","2"
"9195","橡皮渣","2"
"9196","脏橡皮","2"
"9197","修正液瓶(干结)","2"
"9198","修正带芯","2"
"9199","胶带芯","2"
"9200","双面胶皮","2"
"9201","固体胶空管","2"
"9202","胶水空瓶","2"
"9203","便利贴背纸","2"
"9204","贴纸底纸","2"
"9205","标签底纸","2"
"9206","回形针(生锈)","2"
"9207","订书钉(变形)","2"
"9208","大头针(生锈)","2"
"9209","图钉(生锈)","2"
"9210","票夹(生锈)","2"
"9211","文件袋(破裂)","2"
"9212","书皮(破损)","2"
"9213","本子封皮(塑料)","2"
"9214","鼠标垫(老化)","2"
"9215","键盘清洁泥","2"
"9216","超轻粘土(干)","2"
"9217","橡皮泥(混色)","2"
"9218","陶泥(干硬)","2"
"9219","史莱姆(干)","2"
"9220","起泡胶(干)","2"
"9221","颜料罐(干)","2"
"9222","水粉笔(坏)","2"
"9223","油画笔(坏)","2"
"9224","调色盘(洗不净)","2"
"9225","洗笔筒(脏)","2"
"9226","热熔胶棒","2"
"9227","热熔胶枪(坏)","2"
"9228","闪粉","2"
"9229","亮片","2"
"9230","扭扭棒","2"
"9231","不织布碎料","2"
"9232","毛球(手工)","2"
"9233","活动眼睛(手工)","2"
"9234","丝带碎头","2"
"9235","礼品包装纸","2"
"9236","拉花","2"
"9251","猪蹄甲","2"
"9252","羊头骨","2"
"9253","牛膝骨","2"
"9254","牛蹄壳","2"
"9255","驴骨头","2"
"9256","鹿骨头","2"
"9257","烤全羊骨架","2"
"9258","烤乳猪骨架","2"
"9259","腊猪脚骨","2"
"9260","风干牛肉骨","2"
"9261","椰青壳","2"
"9262","老椰子壳","2"
"9263","榴莲刺壳","2"
"9264","榴莲柄","2"
"9265","菠萝蜜皮","2"
"9270","带子壳","2"
"9271","花甲壳","2"
"9272","蚬子壳","2"
"9273","香螺壳","2"
"9274","花螺壳","2"
"9275","钉螺壳","2"
"9277","蟹钳壳","2"
"9278","帝王蟹腿壳","2"
"9279","面包蟹盖","2"
"9280","梭子蟹盖","2"
"9281","龙虾头壳","2"
"9284","黄桃核","2"
"9285","油桃核","2"
"9287","大枣核","2"
"9288","冬枣核","2"
"9289","红枣核","2"
"9290","椰枣核","2"
"9292","槟榔核","2"
"9295","桂圆核","2"
"9298","玉米棒芯","2"
"9299","粽叶","2"
"9310","碎饭碗","2"
"9311","碎汤碗","2"
"9312","碎菜盘","2"
"9313","碎鱼盘","2"
"9314","碎味碟","2"
"9315","碎汤勺","2"
"9316","碎马克杯","2"
"9317","碎咖啡杯","2"
"9318","碎茶杯","2"
"9319","碎茶壶","2"
"9320","碎紫砂壶","2"
"9321","碎盖碗","2"
"9322","碎公道杯","2"
"9323","碎花瓶","2"
"9324","碎花盆","2"
"9327","马赛克","2"
"9328","大理石碎片","2"
"9329","花岗岩碎片","2"
"9331","红砖头","2"
"9332","青砖头","2"
"9333","腻子块","2"
"9334","石膏线碎块","2"
"9335","玻璃渣","2"
"9336","碎玻璃杯","2"
"9337","碎酒瓶","2"
"9338","碎酱油瓶","2"
"9340","化妆镜碎片","2"
"9341","钢化玻璃渣","2"
"9342","车窗碎片","2"
"9344","眼镜片(树脂)","2"
"9345","眼镜片(玻璃)","2"
"9346","墨镜片","2"
"9347","泳镜片","2"
"9348","放大镜片","1"
"9349","普通灯泡","2"
"9364","混合猫砂","2"
"9368","仓鼠木屑","2"
"9369","仓鼠纸棉","2"
"9370","仓鼠浴沙","2"
"9371","兔子垫料","2"
"9372","龙猫浴沙","2"
"9373","鸟笼垫纸","2"
"9374","爬宠椰土","2"
"9375","鱼缸底砂","2"
"9376","水族过滤棉","2"
"9377","猫抓板(抓烂)","2"
"9378","狗咬胶(咬烂)","2"
"9379","宠物玩具(咬坏)","2"
"9380","逗猫棒(坏)","2"
"9381","宠物项圈(坏)","2"
"9382","宠物牵引绳(坏)","2"
"9385","宠物指甲","2"
"9386","枯树叶","2"
"9387","枯树枝","2"
"9388","死掉的盆栽","2"
"9389","凋谢的鲜花","2"
"9390","干花束","2"
"9392","营养土(废弃)","2"
"9395","扫地机集尘盒垃圾","2"
"9396","拖地脏水滤出物","2"
"9397","地漏毛发","2"
"9398","下水道堵塞物","2"
"9402","香炉灰","2"
"9412","矿物干燥剂","2"
"9416","防霉片","2"
"9417","暖宝宝(用过)","2"
"9418","暖足贴(用过)","2"
"9419","暖宫贴(用过)","2"
"9420","发热鞋垫(用过)","2"
"9421","蒸汽眼罩(用过)","2"
"9426","一次性打火机","2"
"9427","电子点烟器(坏)","2"
"9430","蜡烛头","2"
"9432","旧雨伞(伞骨坏)","2"
"9433","旧遮阳伞","2"
"9435","一次性鞋套","2"
"9436","破旧手机壳","2"
"9437","发黄的透明壳","2"
"9438","手机钢化膜(碎)","2"
"9440","耳机海绵套","2"
"9443","卡套","2"
"9448","防滑垫","2"
"9460","破内裤","2"
"9461","变形内衣","2"
"9462","破洞袜子","2"
"9463","单只袜子","2"
"9464","勾丝丝袜","2"
"9465","破连裤袜","2"
"9467","油腻洗碗布","2"
"9468","破毛巾","2"
"9469","发硬的毛巾","2"
"9470","旧澡巾","2"
"9471","破鞋垫","2"
"9472","一次性拖鞋","2"
"9473","烂拖鞋","2"
"9474","发卡(坏)","2"
"9475","发圈(失去弹性)","2"
"9476","皮筋(断)","2"
"9477","头花(旧)","2"
"9478","发箍(断)","2"
"9479","假发片","2"
"9480","假发套","2"
"9481","耳钉(廉价合金)","2"
"9482","耳环(塑料)","2"
"9483","项链(生锈)","2"
"9484","戒指(掉色)","2"
"9485","胸针(坏)","2"
"9486","眼镜布(脏)","2"
"9487","旧钱包(人造革掉皮)","2"
"9488","旧皮带(断裂)","2"
"9489","表带(断裂)","2"
"9492","活性炭包","2"
"9493","除味炭包","2"
"9494","圣诞树装饰球","2"
"9495","彩带","2"
"9496","气球碎片","2"
"9497","荧光棒(用过)","2"
"9498","灯笼(纸质坏)","2"
"9499","对联(旧)","2"
